observation_date,source,series_id,maturity,rate_bps
2023-01-03,NYFED,EFFR,ON,433
2023-01-03,NYFED,SOFR,ON,431
2023-01-03,UST,DGS2,2Y,440
2023-01-03,UST,DGS5,5Y,394
2023-01-04,NYFED,EFFR,ON,433
2023-01-04,NYFED,SOFR,ON,430
2023-01-04,UST,DGS2,2Y,436
2023-01-04,UST,DGS5,5Y,385
2023-01-05,NYFED,EFFR,ON,433
2023-01-05,NYFED,SOFR,ON,431
2023-01-05,UST,DGS2,2Y,445
2023-01-05,UST,DGS5,5Y,390
2023-01-06,NYFED,EFFR,ON,433
2023-01-06,NYFED,SOFR,ON,431
2023-01-06,UST,DGS2,2Y,424
2023-01-06,UST,DGS5,5Y,369
2023-01-09,NYFED,EFFR,ON,433
2023-01-09,NYFED,SOFR,ON,431
2023-01-09,UST,DGS2,2Y,419
2023-01-09,UST,DGS5,5Y,366
2023-01-10,NYFED,EFFR,ON,433
2023-01-10,NYFED,SOFR,ON,431
2023-01-10,UST,DGS2,2Y,424
2023-01-10,UST,DGS5,5Y,372
2023-01-11,NYFED,EFFR,ON,433
2023-01-11,NYFED,SOFR,ON,430
2023-01-11,UST,DGS2,2Y,420
2023-01-11,UST,DGS5,5Y,366
2023-01-12,NYFED,EFFR,ON,433
2023-01-12,NYFED,SOFR,ON,430
2023-01-12,UST,DGS2,2Y,412
2023-01-12,UST,DGS5,5Y,353
2023-01-13,NYFED,EFFR,ON,433
2023-01-13,NYFED,SOFR,ON,430
2023-01-13,UST,DGS2,2Y,422
2023-01-13,UST,DGS5,5Y,360
2023-01-17,NYFED,EFFR,ON,433
2023-01-17,NYFED,SOFR,ON,431
2023-01-17,UST,DGS2,2Y,418
2023-01-17,UST,DGS5,5Y,360
2023-01-18,NYFED,EFFR,ON,433
2023-01-18,NYFED,SOFR,ON,430
2023-01-18,UST,DGS2,2Y,406
2023-01-18,UST,DGS5,5Y,343
2023-01-19,NYFED,EFFR,ON,433
2023-01-19,NYFED,SOFR,ON,431
2023-01-19,UST,DGS2,2Y,409
2023-01-19,UST,DGS5,5Y,348
2023-01-20,NYFED,EFFR,ON,433
2023-01-20,NYFED,SOFR,ON,430
2023-01-20,UST,DGS2,2Y,414
2023-01-20,UST,DGS5,5Y,356
2023-01-23,NYFED,EFFR,ON,433
2023-01-23,NYFED,SOFR,ON,430
2023-01-23,UST,DGS2,2Y,421
2023-01-23,UST,DGS5,5Y,361
2023-01-24,NYFED,EFFR,ON,433
2023-01-24,NYFED,SOFR,ON,430
2023-01-24,UST,DGS2,2Y,412
2023-01-24,UST,DGS5,5Y,358
2023-01-25,NYFED,EFFR,ON,433
2023-01-25,NYFED,SOFR,ON,431
2023-01-25,UST,DGS2,2Y,411
2023-01-25,UST,DGS5,5Y,354
2023-01-26,NYFED,EFFR,ON,433
2023-01-26,NYFED,SOFR,ON,430
2023-01-26,UST,DGS2,2Y,417
2023-01-26,UST,DGS5,5Y,358
2023-01-27,NYFED,EFFR,ON,433
2023-01-27,NYFED,SOFR,ON,430
2023-01-27,UST,DGS2,2Y,419
2023-01-27,UST,DGS5,5Y,362
2023-01-30,NYFED,EFFR,ON,433
2023-01-30,NYFED,SOFR,ON,430
2023-01-30,UST,DGS2,2Y,425
2023-01-30,UST,DGS5,5Y,368
2023-01-31,NYFED,EFFR,ON,433
2023-01-31,NYFED,SOFR,ON,431
2023-01-31,UST,DGS2,2Y,421
2023-01-31,UST,DGS5,5Y,363
2023-02-01,NYFED,EFFR,ON,433
2023-02-01,NYFED,SOFR,ON,431
2023-02-01,UST,DGS2,2Y,409
2023-02-01,UST,DGS5,5Y,348
2023-02-02,NYFED,EFFR,ON,458
2023-02-02,NYFED,SOFR,ON,456
2023-02-02,UST,DGS2,2Y,409
2023-02-02,UST,DGS5,5Y,349
2023-02-03,NYFED,EFFR,ON,458
2023-02-03,NYFED,SOFR,ON,455
2023-02-03,UST,DGS2,2Y,430
2023-02-03,UST,DGS5,5Y,367
2023-02-06,NYFED,EFFR,ON,458
2023-02-06,NYFED,SOFR,ON,455
2023-02-06,UST,DGS2,2Y,444
2023-02-06,UST,DGS5,5Y,381
2023-02-07,NYFED,EFFR,ON,458
2023-02-07,NYFED,SOFR,ON,455
2023-02-07,UST,DGS2,2Y,447
2023-02-07,UST,DGS5,5Y,385
2023-02-08,NYFED,EFFR,ON,458
2023-02-08,NYFED,SOFR,ON,455
2023-02-08,UST,DGS2,2Y,445
2023-02-08,UST,DGS5,5Y,382
2023-02-09,NYFED,EFFR,ON,457
2023-02-09,NYFED,SOFR,ON,455
2023-02-09,UST,DGS2,2Y,448
2023-02-09,UST,DGS5,5Y,387
2023-02-10,NYFED,EFFR,ON,458
2023-02-10,NYFED,SOFR,ON,455
2023-02-10,UST,DGS2,2Y,450
2023-02-10,UST,DGS5,5Y,393
2023-02-13,NYFED,EFFR,ON,458
2023-02-13,NYFED,SOFR,ON,455
2023-02-13,UST,DGS2,2Y,452
2023-02-13,UST,DGS5,5Y,393
2023-02-14,NYFED,EFFR,ON,458
2023-02-14,NYFED,SOFR,ON,455
2023-02-14,UST,DGS2,2Y,460
2023-02-14,UST,DGS5,5Y,400
2023-02-15,NYFED,EFFR,ON,458
2023-02-15,NYFED,SOFR,ON,455
2023-02-15,UST,DGS2,2Y,462
2023-02-15,UST,DGS5,5Y,404
2023-02-16,NYFED,EFFR,ON,458
2023-02-16,NYFED,SOFR,ON,455
2023-02-16,UST,DGS2,2Y,462
2023-02-16,UST,DGS5,5Y,406
2023-02-17,NYFED,EFFR,ON,458
2023-02-17,NYFED,SOFR,ON,455
2023-02-17,UST,DGS2,2Y,460
2023-02-17,UST,DGS5,5Y,403
2023-02-21,NYFED,EFFR,ON,458
2023-02-21,NYFED,SOFR,ON,455
2023-02-21,UST,DGS2,2Y,467
2023-02-21,UST,DGS5,5Y,416
2023-02-22,NYFED,EFFR,ON,458
2023-02-22,NYFED,SOFR,ON,455
2023-02-22,UST,DGS2,2Y,466
2023-02-22,UST,DGS5,5Y,413
2023-02-23,NYFED,EFFR,ON,458
2023-02-23,NYFED,SOFR,ON,455
2023-02-23,UST,DGS2,2Y,466
2023-02-23,UST,DGS5,5Y,409
2023-02-24,NYFED,EFFR,ON,458
2023-02-24,NYFED,SOFR,ON,455
2023-02-24,UST,DGS2,2Y,478
2023-02-24,UST,DGS5,5Y,419
2023-02-27,NYFED,EFFR,ON,457
2023-02-27,NYFED,SOFR,ON,455
2023-02-27,UST,DGS2,2Y,478
2023-02-27,UST,DGS5,5Y,417
2023-02-28,NYFED,EFFR,ON,457
2023-02-28,NYFED,SOFR,ON,455
2023-02-28,UST,DGS2,2Y,481
2023-02-28,UST,DGS5,5Y,418
2023-03-01,NYFED,EFFR,ON,458
2023-03-01,NYFED,SOFR,ON,455
2023-03-01,UST,DGS2,2Y,489
2023-03-01,UST,DGS5,5Y,427
2023-03-02,NYFED,EFFR,ON,457
2023-03-02,NYFED,SOFR,ON,455
2023-03-02,UST,DGS2,2Y,489
2023-03-02,UST,DGS5,5Y,432
2023-03-03,NYFED,EFFR,ON,457
2023-03-03,NYFED,SOFR,ON,455
2023-03-03,UST,DGS2,2Y,486
2023-03-03,UST,DGS5,5Y,426
2023-03-06,NYFED,EFFR,ON,457
2023-03-06,NYFED,SOFR,ON,455
2023-03-06,UST,DGS2,2Y,489
2023-03-06,UST,DGS5,5Y,427
2023-03-07,NYFED,EFFR,ON,457
2023-03-07,NYFED,SOFR,ON,455
2023-03-07,UST,DGS2,2Y,500
2023-03-07,UST,DGS5,5Y,431
2023-03-08,NYFED,EFFR,ON,457
2023-03-08,NYFED,SOFR,ON,455
2023-03-08,UST,DGS2,2Y,505
2023-03-08,UST,DGS5,5Y,434
2023-03-09,NYFED,EFFR,ON,457
2023-03-09,NYFED,SOFR,ON,455
2023-03-09,UST,DGS2,2Y,490
2023-03-09,UST,DGS5,5Y,422
2023-03-10,NYFED,EFFR,ON,457
2023-03-10,NYFED,SOFR,ON,455
2023-03-10,UST,DGS2,2Y,460
2023-03-10,UST,DGS5,5Y,396
2023-03-13,NYFED,EFFR,ON,458
2023-03-13,NYFED,SOFR,ON,455
2023-03-13,UST,DGS2,2Y,403
2023-03-13,UST,DGS5,5Y,368
2023-03-14,NYFED,EFFR,ON,458
2023-03-14,NYFED,SOFR,ON,455
2023-03-14,UST,DGS2,2Y,420
2023-03-14,UST,DGS5,5Y,378
2023-03-15,NYFED,EFFR,ON,458
2023-03-15,NYFED,SOFR,ON,458
2023-03-15,UST,DGS2,2Y,393
2023-03-15,UST,DGS5,5Y,359
2023-03-16,NYFED,EFFR,ON,458
2023-03-16,NYFED,SOFR,ON,457
2023-03-16,UST,DGS2,2Y,414
2023-03-16,UST,DGS5,5Y,372
2023-03-17,NYFED,EFFR,ON,458
2023-03-17,NYFED,SOFR,ON,455
2023-03-17,UST,DGS2,2Y,381
2023-03-17,UST,DGS5,5Y,344
2023-03-20,NYFED,EFFR,ON,458
2023-03-20,NYFED,SOFR,ON,455
2023-03-20,UST,DGS2,2Y,392
2023-03-20,UST,DGS5,5Y,356
2023-03-21,NYFED,EFFR,ON,458
2023-03-21,NYFED,SOFR,ON,455
2023-03-21,UST,DGS2,2Y,417
2023-03-21,UST,DGS5,5Y,373
2023-03-22,NYFED,EFFR,ON,458
2023-03-22,NYFED,SOFR,ON,455
2023-03-22,UST,DGS2,2Y,396
2023-03-22,UST,DGS5,5Y,354
2023-03-23,NYFED,EFFR,ON,483
2023-03-23,NYFED,SOFR,ON,480
2023-03-23,UST,DGS2,2Y,376
2023-03-23,UST,DGS5,5Y,339
2023-03-24,NYFED,EFFR,ON,483
2023-03-24,NYFED,SOFR,ON,480
2023-03-24,UST,DGS2,2Y,376
2023-03-24,UST,DGS5,5Y,341
2023-03-27,NYFED,EFFR,ON,483
2023-03-27,NYFED,SOFR,ON,481
2023-03-27,UST,DGS2,2Y,394
2023-03-27,UST,DGS5,5Y,359
2023-03-28,NYFED,EFFR,ON,483
2023-03-28,NYFED,SOFR,ON,484
2023-03-28,UST,DGS2,2Y,402
2023-03-28,UST,DGS5,5Y,363
2023-03-29,NYFED,EFFR,ON,483
2023-03-29,NYFED,SOFR,ON,483
2023-03-29,UST,DGS2,2Y,408
2023-03-29,UST,DGS5,5Y,367
2023-03-30,NYFED,EFFR,ON,483
2023-03-30,NYFED,SOFR,ON,482
2023-03-30,UST,DGS2,2Y,410
2023-03-30,UST,DGS5,5Y,366
2023-03-31,NYFED,EFFR,ON,483
2023-03-31,NYFED,SOFR,ON,487
2023-03-31,UST,DGS2,2Y,406
2023-03-31,UST,DGS5,5Y,360
2023-04-03,NYFED,EFFR,ON,483
2023-04-03,NYFED,SOFR,ON,484
2023-04-03,UST,DGS2,2Y,397
2023-04-03,UST,DGS5,5Y,352
2023-04-04,NYFED,EFFR,ON,483
2023-04-04,NYFED,SOFR,ON,483
2023-04-04,UST,DGS2,2Y,384
2023-04-04,UST,DGS5,5Y,339
2023-04-05,NYFED,EFFR,ON,483
2023-04-05,NYFED,SOFR,ON,481
2023-04-05,UST,DGS2,2Y,379
2023-04-05,UST,DGS5,5Y,336
2023-04-06,NYFED,EFFR,ON,483
2023-04-06,NYFED,SOFR,ON,481
2023-04-06,UST,DGS2,2Y,382
2023-04-06,UST,DGS5,5Y,337
2023-04-07,NYFED,EFFR,ON,483
2023-04-07,UST,DGS2,2Y,397
2023-04-07,UST,DGS5,5Y,349
2023-04-10,NYFED,EFFR,ON,483
2023-04-10,NYFED,SOFR,ON,481
2023-04-10,UST,DGS2,2Y,400
2023-04-10,UST,DGS5,5Y,352
2023-04-11,NYFED,EFFR,ON,483
2023-04-11,NYFED,SOFR,ON,480
2023-04-11,UST,DGS2,2Y,403
2023-04-11,UST,DGS5,5Y,354
2023-04-12,NYFED,EFFR,ON,483
2023-04-12,NYFED,SOFR,ON,480
2023-04-12,UST,DGS2,2Y,395
2023-04-12,UST,DGS5,5Y,346
2023-04-13,NYFED,EFFR,ON,483
2023-04-13,NYFED,SOFR,ON,480
2023-04-13,UST,DGS2,2Y,396
2023-04-13,UST,DGS5,5Y,351
2023-04-14,NYFED,EFFR,ON,483
2023-04-14,NYFED,SOFR,ON,480
2023-04-14,UST,DGS2,2Y,408
2023-04-14,UST,DGS5,5Y,360
2023-04-17,NYFED,EFFR,ON,483
2023-04-17,NYFED,SOFR,ON,480
2023-04-17,UST,DGS2,2Y,418
2023-04-17,UST,DGS5,5Y,369
2023-04-18,NYFED,EFFR,ON,483
2023-04-18,NYFED,SOFR,ON,480
2023-04-18,UST,DGS2,2Y,419
2023-04-18,UST,DGS5,5Y,369
2023-04-19,NYFED,EFFR,ON,483
2023-04-19,NYFED,SOFR,ON,480
2023-04-19,UST,DGS2,2Y,424
2023-04-19,UST,DGS5,5Y,371
2023-04-20,NYFED,EFFR,ON,483
2023-04-20,NYFED,SOFR,ON,480
2023-04-20,UST,DGS2,2Y,414
2023-04-20,UST,DGS5,5Y,363
2023-04-21,NYFED,EFFR,ON,483
2023-04-21,NYFED,SOFR,ON,480
2023-04-21,UST,DGS2,2Y,417
2023-04-21,UST,DGS5,5Y,366
2023-04-24,NYFED,EFFR,ON,483
2023-04-24,NYFED,SOFR,ON,480
2023-04-24,UST,DGS2,2Y,412
2023-04-24,UST,DGS5,5Y,360
2023-04-25,NYFED,EFFR,ON,483
2023-04-25,NYFED,SOFR,ON,480
2023-04-25,UST,DGS2,2Y,386
2023-04-25,UST,DGS5,5Y,343
2023-04-26,NYFED,EFFR,ON,483
2023-04-26,NYFED,SOFR,ON,480
2023-04-26,UST,DGS2,2Y,390
2023-04-26,UST,DGS5,5Y,346
2023-04-27,NYFED,EFFR,ON,483
2023-04-27,NYFED,SOFR,ON,481
2023-04-27,UST,DGS2,2Y,407
2023-04-27,UST,DGS5,5Y,360
2023-04-28,NYFED,EFFR,ON,483
2023-04-28,NYFED,SOFR,ON,481
2023-04-28,UST,DGS2,2Y,404
2023-04-28,UST,DGS5,5Y,351
2023-05-01,NYFED,EFFR,ON,483
2023-05-01,NYFED,SOFR,ON,481
2023-05-01,UST,DGS2,2Y,414
2023-05-01,UST,DGS5,5Y,364
2023-05-02,NYFED,EFFR,ON,483
2023-05-02,NYFED,SOFR,ON,481
2023-05-02,UST,DGS2,2Y,397
2023-05-02,UST,DGS5,5Y,346
2023-05-03,NYFED,EFFR,ON,483
2023-05-03,NYFED,SOFR,ON,481
2023-05-03,UST,DGS2,2Y,389
2023-05-03,UST,DGS5,5Y,337
2023-05-04,NYFED,EFFR,ON,508
2023-05-04,NYFED,SOFR,ON,506
2023-05-04,UST,DGS2,2Y,375
2023-05-04,UST,DGS5,5Y,329
2023-05-05,NYFED,EFFR,ON,508
2023-05-05,NYFED,SOFR,ON,506
2023-05-05,UST,DGS2,2Y,392
2023-05-05,UST,DGS5,5Y,341
2023-05-08,NYFED,EFFR,ON,508
2023-05-08,NYFED,SOFR,ON,506
2023-05-08,UST,DGS2,2Y,400
2023-05-08,UST,DGS5,5Y,349
2023-05-09,NYFED,EFFR,ON,508
2023-05-09,NYFED,SOFR,ON,506
2023-05-09,UST,DGS2,2Y,401
2023-05-09,UST,DGS5,5Y,351
2023-05-10,NYFED,EFFR,ON,508
2023-05-10,NYFED,SOFR,ON,506
2023-05-10,UST,DGS2,2Y,390
2023-05-10,UST,DGS5,5Y,337
2023-05-11,NYFED,EFFR,ON,508
2023-05-11,NYFED,SOFR,ON,505
2023-05-11,UST,DGS2,2Y,389
2023-05-11,UST,DGS5,5Y,336
2023-05-12,NYFED,EFFR,ON,508
2023-05-12,NYFED,SOFR,ON,505
2023-05-12,UST,DGS2,2Y,398
2023-05-12,UST,DGS5,5Y,345
2023-05-15,NYFED,EFFR,ON,508
2023-05-15,NYFED,SOFR,ON,506
2023-05-15,UST,DGS2,2Y,399
2023-05-15,UST,DGS5,5Y,346
2023-05-16,NYFED,EFFR,ON,508
2023-05-16,NYFED,SOFR,ON,505
2023-05-16,UST,DGS2,2Y,406
2023-05-16,UST,DGS5,5Y,352
2023-05-17,NYFED,EFFR,ON,508
2023-05-17,NYFED,SOFR,ON,505
2023-05-17,UST,DGS2,2Y,412
2023-05-17,UST,DGS5,5Y,358
2023-05-18,NYFED,EFFR,ON,508
2023-05-18,NYFED,SOFR,ON,505
2023-05-18,UST,DGS2,2Y,424
2023-05-18,UST,DGS5,5Y,369
2023-05-19,NYFED,EFFR,ON,508
2023-05-19,NYFED,SOFR,ON,505
2023-05-19,UST,DGS2,2Y,428
2023-05-19,UST,DGS5,5Y,376
2023-05-22,NYFED,EFFR,ON,508
2023-05-22,NYFED,SOFR,ON,505
2023-05-22,UST,DGS2,2Y,429
2023-05-22,UST,DGS5,5Y,377
2023-05-23,NYFED,EFFR,ON,508
2023-05-23,NYFED,SOFR,ON,505
2023-05-23,UST,DGS2,2Y,426
2023-05-23,UST,DGS5,5Y,376
2023-05-24,NYFED,EFFR,ON,508
2023-05-24,NYFED,SOFR,ON,505
2023-05-24,UST,DGS2,2Y,431
2023-05-24,UST,DGS5,5Y,375
2023-05-25,NYFED,EFFR,ON,508
2023-05-25,NYFED,SOFR,ON,506
2023-05-25,UST,DGS2,2Y,450
2023-05-25,UST,DGS5,5Y,390
2023-05-26,NYFED,EFFR,ON,508
2023-05-26,NYFED,SOFR,ON,506
2023-05-26,UST,DGS2,2Y,454
2023-05-26,UST,DGS5,5Y,392
2023-05-30,NYFED,EFFR,ON,508
2023-05-30,NYFED,SOFR,ON,506
2023-05-30,UST,DGS2,2Y,446
2023-05-30,UST,DGS5,5Y,381
2023-05-31,NYFED,EFFR,ON,508
2023-05-31,NYFED,SOFR,ON,508
2023-05-31,UST,DGS2,2Y,440
2023-05-31,UST,DGS5,5Y,374
2023-06-01,NYFED,EFFR,ON,508
2023-06-01,NYFED,SOFR,ON,508
2023-06-01,UST,DGS2,2Y,433
2023-06-01,UST,DGS5,5Y,370
2023-06-02,NYFED,EFFR,ON,508
2023-06-02,NYFED,SOFR,ON,507
2023-06-02,UST,DGS2,2Y,450
2023-06-02,UST,DGS5,5Y,384
2023-06-05,NYFED,EFFR,ON,508
2023-06-05,NYFED,SOFR,ON,506
2023-06-05,UST,DGS2,2Y,446
2023-06-05,UST,DGS5,5Y,382
2023-06-06,NYFED,EFFR,ON,508
2023-06-06,NYFED,SOFR,ON,505
2023-06-06,UST,DGS2,2Y,451
2023-06-06,UST,DGS5,5Y,385
2023-06-07,NYFED,EFFR,ON,508
2023-06-07,NYFED,SOFR,ON,505
2023-06-07,UST,DGS2,2Y,456
2023-06-07,UST,DGS5,5Y,393
2023-06-08,NYFED,EFFR,ON,508
2023-06-08,NYFED,SOFR,ON,505
2023-06-08,UST,DGS2,2Y,452
2023-06-08,UST,DGS5,5Y,387
2023-06-09,NYFED,EFFR,ON,508
2023-06-09,NYFED,SOFR,ON,505
2023-06-09,UST,DGS2,2Y,459
2023-06-09,UST,DGS5,5Y,392
2023-06-12,NYFED,EFFR,ON,508
2023-06-12,NYFED,SOFR,ON,505
2023-06-12,UST,DGS2,2Y,455
2023-06-12,UST,DGS5,5Y,389
2023-06-13,NYFED,EFFR,ON,508
2023-06-13,NYFED,SOFR,ON,505
2023-06-13,UST,DGS2,2Y,467
2023-06-13,UST,DGS5,5Y,401
2023-06-14,NYFED,EFFR,ON,508
2023-06-14,NYFED,SOFR,ON,505
2023-06-14,UST,DGS2,2Y,474
2023-06-14,UST,DGS5,5Y,406
2023-06-15,NYFED,EFFR,ON,507
2023-06-15,NYFED,SOFR,ON,506
2023-06-15,UST,DGS2,2Y,462
2023-06-15,UST,DGS5,5Y,391
2023-06-16,NYFED,EFFR,ON,508
2023-06-16,NYFED,SOFR,ON,505
2023-06-16,UST,DGS2,2Y,470
2023-06-16,UST,DGS5,5Y,399
2023-06-20,NYFED,EFFR,ON,507
2023-06-20,NYFED,SOFR,ON,505
2023-06-20,UST,DGS2,2Y,468
2023-06-20,UST,DGS5,5Y,396
2023-06-21,NYFED,EFFR,ON,507
2023-06-21,NYFED,SOFR,ON,505
2023-06-21,UST,DGS2,2Y,468
2023-06-21,UST,DGS5,5Y,395
2023-06-22,NYFED,EFFR,ON,507
2023-06-22,NYFED,SOFR,ON,505
2023-06-22,UST,DGS2,2Y,477
2023-06-22,UST,DGS5,5Y,403
2023-06-23,NYFED,EFFR,ON,507
2023-06-23,NYFED,SOFR,ON,505
2023-06-23,UST,DGS2,2Y,471
2023-06-23,UST,DGS5,5Y,399
2023-06-26,NYFED,EFFR,ON,507
2023-06-26,NYFED,SOFR,ON,505
2023-06-26,UST,DGS2,2Y,465
2023-06-26,UST,DGS5,5Y,396
2023-06-27,NYFED,EFFR,ON,507
2023-06-27,NYFED,SOFR,ON,505
2023-06-27,UST,DGS2,2Y,474
2023-06-27,UST,DGS5,5Y,402
2023-06-28,NYFED,EFFR,ON,507
2023-06-28,NYFED,SOFR,ON,506
2023-06-28,UST,DGS2,2Y,471
2023-06-28,UST,DGS5,5Y,397
2023-06-29,NYFED,EFFR,ON,507
2023-06-29,NYFED,SOFR,ON,506
2023-06-29,UST,DGS2,2Y,487
2023-06-29,UST,DGS5,5Y,414
2023-06-30,NYFED,EFFR,ON,508
2023-06-30,NYFED,SOFR,ON,509
2023-06-30,UST,DGS2,2Y,487
2023-06-30,UST,DGS5,5Y,413
2023-07-03,NYFED,EFFR,ON,508
2023-07-03,NYFED,SOFR,ON,506
2023-07-03,UST,DGS2,2Y,494
2023-07-03,UST,DGS5,5Y,419
2023-07-05,NYFED,EFFR,ON,508
2023-07-05,NYFED,SOFR,ON,506
2023-07-05,UST,DGS2,2Y,494
2023-07-05,UST,DGS5,5Y,425
2023-07-06,NYFED,EFFR,ON,508
2023-07-06,NYFED,SOFR,ON,506
2023-07-06,UST,DGS2,2Y,499
2023-07-06,UST,DGS5,5Y,437
2023-07-07,NYFED,EFFR,ON,508
2023-07-07,NYFED,SOFR,ON,506
2023-07-07,UST,DGS2,2Y,494
2023-07-07,UST,DGS5,5Y,435
2023-07-10,NYFED,EFFR,ON,507
2023-07-10,NYFED,SOFR,ON,506
2023-07-10,UST,DGS2,2Y,485
2023-07-10,UST,DGS5,5Y,425
2023-07-11,NYFED,EFFR,ON,508
2023-07-11,NYFED,SOFR,ON,506
2023-07-11,UST,DGS2,2Y,488
2023-07-11,UST,DGS5,5Y,424
2023-07-12,NYFED,EFFR,ON,508
2023-07-12,NYFED,SOFR,ON,505
2023-07-12,UST,DGS2,2Y,472
2023-07-12,UST,DGS5,5Y,407
2023-07-13,NYFED,EFFR,ON,508
2023-07-13,NYFED,SOFR,ON,506
2023-07-13,UST,DGS2,2Y,459
2023-07-13,UST,DGS5,5Y,393
2023-07-14,NYFED,EFFR,ON,508
2023-07-14,NYFED,SOFR,ON,505
2023-07-14,UST,DGS2,2Y,474
2023-07-14,UST,DGS5,5Y,404
2023-07-17,NYFED,EFFR,ON,508
2023-07-17,NYFED,SOFR,ON,506
2023-07-17,UST,DGS2,2Y,474
2023-07-17,UST,DGS5,5Y,402
2023-07-18,NYFED,EFFR,ON,508
2023-07-18,NYFED,SOFR,ON,506
2023-07-18,UST,DGS2,2Y,474
2023-07-18,UST,DGS5,5Y,400
2023-07-19,NYFED,EFFR,ON,508
2023-07-19,NYFED,SOFR,ON,505
2023-07-19,UST,DGS2,2Y,474
2023-07-19,UST,DGS5,5Y,398
2023-07-20,NYFED,EFFR,ON,508
2023-07-20,NYFED,SOFR,ON,506
2023-07-20,UST,DGS2,2Y,480
2023-07-20,UST,DGS5,5Y,408
2023-07-21,NYFED,EFFR,ON,508
2023-07-21,NYFED,SOFR,ON,505
2023-07-21,UST,DGS2,2Y,482
2023-07-21,UST,DGS5,5Y,409
2023-07-24,NYFED,EFFR,ON,508
2023-07-24,NYFED,SOFR,ON,505
2023-07-24,UST,DGS2,2Y,481
2023-07-24,UST,DGS5,5Y,413
2023-07-25,NYFED,EFFR,ON,508
2023-07-25,NYFED,SOFR,ON,506
2023-07-25,UST,DGS2,2Y,485
2023-07-25,UST,DGS5,5Y,415
2023-07-26,NYFED,EFFR,ON,508
2023-07-26,NYFED,SOFR,ON,506
2023-07-26,UST,DGS2,2Y,482
2023-07-26,UST,DGS5,5Y,409
2023-07-27,NYFED,EFFR,ON,533
2023-07-27,NYFED,SOFR,ON,531
2023-07-27,UST,DGS2,2Y,491
2023-07-27,UST,DGS5,5Y,424
2023-07-28,NYFED,EFFR,ON,533
2023-07-28,NYFED,SOFR,ON,530
2023-07-28,UST,DGS2,2Y,487
2023-07-28,UST,DGS5,5Y,418
2023-07-31,NYFED,EFFR,ON,533
2023-07-31,NYFED,SOFR,ON,531
2023-07-31,UST,DGS2,2Y,488
2023-07-31,UST,DGS5,5Y,418
2023-08-01,NYFED,EFFR,ON,533
2023-08-01,NYFED,SOFR,ON,531
2023-08-01,UST,DGS2,2Y,492
2023-08-01,UST,DGS5,5Y,424
2023-08-02,NYFED,EFFR,ON,533
2023-08-02,NYFED,SOFR,ON,530
2023-08-02,UST,DGS2,2Y,488
2023-08-02,UST,DGS5,5Y,424
2023-08-03,NYFED,EFFR,ON,533
2023-08-03,NYFED,SOFR,ON,530
2023-08-03,UST,DGS2,2Y,490
2023-08-03,UST,DGS5,5Y,430
2023-08-04,NYFED,EFFR,ON,533
2023-08-04,NYFED,SOFR,ON,530
2023-08-04,UST,DGS2,2Y,478
2023-08-04,UST,DGS5,5Y,415
2023-08-07,NYFED,EFFR,ON,533
2023-08-07,NYFED,SOFR,ON,530
2023-08-07,UST,DGS2,2Y,476
2023-08-07,UST,DGS5,5Y,416
2023-08-08,NYFED,EFFR,ON,533
2023-08-08,NYFED,SOFR,ON,530
2023-08-08,UST,DGS2,2Y,474
2023-08-08,UST,DGS5,5Y,410
2023-08-09,NYFED,EFFR,ON,533
2023-08-09,NYFED,SOFR,ON,530
2023-08-09,UST,DGS2,2Y,479
2023-08-09,UST,DGS5,5Y,412
2023-08-10,NYFED,EFFR,ON,533
2023-08-10,NYFED,SOFR,ON,530
2023-08-10,UST,DGS2,2Y,482
2023-08-10,UST,DGS5,5Y,421
2023-08-11,NYFED,EFFR,ON,533
2023-08-11,NYFED,SOFR,ON,530
2023-08-11,UST,DGS2,2Y,489
2023-08-11,UST,DGS5,5Y,431
2023-08-14,NYFED,EFFR,ON,533
2023-08-14,NYFED,SOFR,ON,530
2023-08-14,UST,DGS2,2Y,496
2023-08-14,UST,DGS5,5Y,436
2023-08-15,NYFED,EFFR,ON,533
2023-08-15,NYFED,SOFR,ON,530
2023-08-15,UST,DGS2,2Y,492
2023-08-15,UST,DGS5,5Y,436
2023-08-16,NYFED,EFFR,ON,533
2023-08-16,NYFED,SOFR,ON,530
2023-08-16,UST,DGS2,2Y,497
2023-08-16,UST,DGS5,5Y,442
2023-08-17,NYFED,EFFR,ON,533
2023-08-17,NYFED,SOFR,ON,530
2023-08-17,UST,DGS2,2Y,494
2023-08-17,UST,DGS5,5Y,442
2023-08-18,NYFED,EFFR,ON,533
2023-08-18,NYFED,SOFR,ON,530
2023-08-18,UST,DGS2,2Y,492
2023-08-18,UST,DGS5,5Y,438
2023-08-21,NYFED,EFFR,ON,533
2023-08-21,NYFED,SOFR,ON,530
2023-08-21,UST,DGS2,2Y,497
2023-08-21,UST,DGS5,5Y,446
2023-08-22,NYFED,EFFR,ON,533
2023-08-22,NYFED,SOFR,ON,530
2023-08-22,UST,DGS2,2Y,502
2023-08-22,UST,DGS5,5Y,449
2023-08-23,NYFED,EFFR,ON,533
2023-08-23,NYFED,SOFR,ON,530
2023-08-23,UST,DGS2,2Y,495
2023-08-23,UST,DGS5,5Y,436
2023-08-24,NYFED,EFFR,ON,533
2023-08-24,NYFED,SOFR,ON,530
2023-08-24,UST,DGS2,2Y,498
2023-08-24,UST,DGS5,5Y,439
2023-08-25,NYFED,EFFR,ON,533
2023-08-25,NYFED,SOFR,ON,530
2023-08-25,UST,DGS2,2Y,503
2023-08-25,UST,DGS5,5Y,444
2023-08-28,NYFED,EFFR,ON,533
2023-08-28,NYFED,SOFR,ON,530
2023-08-28,UST,DGS2,2Y,498
2023-08-28,UST,DGS5,5Y,438
2023-08-29,NYFED,EFFR,ON,533
2023-08-29,NYFED,SOFR,ON,530
2023-08-29,UST,DGS2,2Y,487
2023-08-29,UST,DGS5,5Y,426
2023-08-30,NYFED,EFFR,ON,533
2023-08-30,NYFED,SOFR,ON,530
2023-08-30,UST,DGS2,2Y,490
2023-08-30,UST,DGS5,5Y,427
2023-08-31,NYFED,EFFR,ON,533
2023-08-31,NYFED,SOFR,ON,531
2023-08-31,UST,DGS2,2Y,485
2023-08-31,UST,DGS5,5Y,423
2023-09-01,NYFED,EFFR,ON,533
2023-09-01,NYFED,SOFR,ON,531
2023-09-01,UST,DGS2,2Y,487
2023-09-01,UST,DGS5,5Y,429
2023-09-05,NYFED,EFFR,ON,533
2023-09-05,NYFED,SOFR,ON,531
2023-09-05,UST,DGS2,2Y,494
2023-09-05,UST,DGS5,5Y,437
2023-09-06,NYFED,EFFR,ON,533
2023-09-06,NYFED,SOFR,ON,530
2023-09-06,UST,DGS2,2Y,501
2023-09-06,UST,DGS5,5Y,444
2023-09-07,NYFED,EFFR,ON,533
2023-09-07,NYFED,SOFR,ON,531
2023-09-07,UST,DGS2,2Y,494
2023-09-07,UST,DGS5,5Y,438
2023-09-08,NYFED,EFFR,ON,533
2023-09-08,NYFED,SOFR,ON,530
2023-09-08,UST,DGS2,2Y,498
2023-09-08,UST,DGS5,5Y,439
2023-09-11,NYFED,EFFR,ON,533
2023-09-11,NYFED,SOFR,ON,530
2023-09-11,UST,DGS2,2Y,497
2023-09-11,UST,DGS5,5Y,440
2023-09-12,NYFED,EFFR,ON,533
2023-09-12,NYFED,SOFR,ON,530
2023-09-12,UST,DGS2,2Y,498
2023-09-12,UST,DGS5,5Y,441
2023-09-13,NYFED,EFFR,ON,533
2023-09-13,NYFED,SOFR,ON,530
2023-09-13,UST,DGS2,2Y,496
2023-09-13,UST,DGS5,5Y,439
2023-09-14,NYFED,EFFR,ON,533
2023-09-14,NYFED,SOFR,ON,530
2023-09-14,UST,DGS2,2Y,500
2023-09-14,UST,DGS5,5Y,442
2023-09-15,NYFED,EFFR,ON,533
2023-09-15,NYFED,SOFR,ON,531
2023-09-15,UST,DGS2,2Y,502
2023-09-15,UST,DGS5,5Y,445
2023-09-18,NYFED,EFFR,ON,533
2023-09-18,NYFED,SOFR,ON,531
2023-09-18,UST,DGS2,2Y,505
2023-09-18,UST,DGS5,5Y,446
2023-09-19,NYFED,EFFR,ON,533
2023-09-19,NYFED,SOFR,ON,531
2023-09-19,UST,DGS2,2Y,508
2023-09-19,UST,DGS5,5Y,451
2023-09-20,NYFED,EFFR,ON,533
2023-09-20,NYFED,SOFR,ON,530
2023-09-20,UST,DGS2,2Y,512
2023-09-20,UST,DGS5,5Y,452
2023-09-21,NYFED,EFFR,ON,533
2023-09-21,NYFED,SOFR,ON,530
2023-09-21,UST,DGS2,2Y,512
2023-09-21,UST,DGS5,5Y,461
2023-09-22,NYFED,EFFR,ON,533
2023-09-22,NYFED,SOFR,ON,530
2023-09-22,UST,DGS2,2Y,510
2023-09-22,UST,DGS5,5Y,457
2023-09-25,NYFED,EFFR,ON,533
2023-09-25,NYFED,SOFR,ON,531
2023-09-25,UST,DGS2,2Y,509
2023-09-25,UST,DGS5,5Y,462
2023-09-26,NYFED,EFFR,ON,533
2023-09-26,NYFED,SOFR,ON,531
2023-09-26,UST,DGS2,2Y,504
2023-09-26,UST,DGS5,5Y,462
2023-09-27,NYFED,EFFR,ON,533
2023-09-27,NYFED,SOFR,ON,532
2023-09-27,UST,DGS2,2Y,510
2023-09-27,UST,DGS5,5Y,467
2023-09-28,NYFED,EFFR,ON,533
2023-09-28,NYFED,SOFR,ON,531
2023-09-28,UST,DGS2,2Y,504
2023-09-28,UST,DGS5,5Y,462
2023-09-29,NYFED,EFFR,ON,533
2023-09-29,NYFED,SOFR,ON,531
2023-09-29,UST,DGS2,2Y,503
2023-09-29,UST,DGS5,5Y,460
2023-10-02,NYFED,EFFR,ON,533
2023-10-02,NYFED,SOFR,ON,532
2023-10-02,UST,DGS2,2Y,512
2023-10-02,UST,DGS5,5Y,472
2023-10-03,NYFED,EFFR,ON,533
2023-10-03,NYFED,SOFR,ON,533
2023-10-03,UST,DGS2,2Y,515
2023-10-03,UST,DGS5,5Y,480
2023-10-04,NYFED,EFFR,ON,533
2023-10-04,NYFED,SOFR,ON,532
2023-10-04,UST,DGS2,2Y,505
2023-10-04,UST,DGS5,5Y,472
2023-10-05,NYFED,EFFR,ON,533
2023-10-05,NYFED,SOFR,ON,532
2023-10-05,UST,DGS2,2Y,503
2023-10-05,UST,DGS5,5Y,468
2023-10-06,NYFED,EFFR,ON,533
2023-10-06,NYFED,SOFR,ON,531
2023-10-06,UST,DGS2,2Y,508
2023-10-06,UST,DGS5,5Y,475
2023-10-10,NYFED,EFFR,ON,533
2023-10-10,NYFED,SOFR,ON,531
2023-10-10,UST,DGS2,2Y,496
2023-10-10,UST,DGS5,5Y,462
2023-10-11,NYFED,EFFR,ON,533
2023-10-11,NYFED,SOFR,ON,531
2023-10-11,UST,DGS2,2Y,499
2023-10-11,UST,DGS5,5Y,459
2023-10-12,NYFED,EFFR,ON,533
2023-10-12,NYFED,SOFR,ON,531
2023-10-12,UST,DGS2,2Y,506
2023-10-12,UST,DGS5,5Y,469
2023-10-13,NYFED,EFFR,ON,533
2023-10-13,NYFED,SOFR,ON,531
2023-10-13,UST,DGS2,2Y,504
2023-10-13,UST,DGS5,5Y,465
2023-10-16,NYFED,EFFR,ON,533
2023-10-16,NYFED,SOFR,ON,531
2023-10-16,UST,DGS2,2Y,509
2023-10-16,UST,DGS5,5Y,472
2023-10-17,NYFED,EFFR,ON,533
2023-10-17,NYFED,SOFR,ON,531
2023-10-17,UST,DGS2,2Y,519
2023-10-17,UST,DGS5,5Y,486
2023-10-18,NYFED,EFFR,ON,533
2023-10-18,NYFED,SOFR,ON,530
2023-10-18,UST,DGS2,2Y,519
2023-10-18,UST,DGS5,5Y,492
2023-10-19,NYFED,EFFR,ON,533
2023-10-19,NYFED,SOFR,ON,530
2023-10-19,UST,DGS2,2Y,514
2023-10-19,UST,DGS5,5Y,495
2023-10-20,NYFED,EFFR,ON,533
2023-10-20,NYFED,SOFR,ON,530
2023-10-20,UST,DGS2,2Y,507
2023-10-20,UST,DGS5,5Y,486
2023-10-23,NYFED,EFFR,ON,533
2023-10-23,NYFED,SOFR,ON,530
2023-10-23,UST,DGS2,2Y,505
2023-10-23,UST,DGS5,5Y,481
2023-10-24,NYFED,EFFR,ON,533
2023-10-24,NYFED,SOFR,ON,530
2023-10-24,UST,DGS2,2Y,502
2023-10-24,UST,DGS5,5Y,482
2023-10-25,NYFED,EFFR,ON,533
2023-10-25,NYFED,SOFR,ON,530
2023-10-25,UST,DGS2,2Y,508
2023-10-25,UST,DGS5,5Y,489
2023-10-26,NYFED,EFFR,ON,533
2023-10-26,NYFED,SOFR,ON,531
2023-10-26,UST,DGS2,2Y,502
2023-10-26,UST,DGS5,5Y,479
2023-10-27,NYFED,EFFR,ON,533
2023-10-27,NYFED,SOFR,ON,531
2023-10-27,UST,DGS2,2Y,499
2023-10-27,UST,DGS5,5Y,476
2023-10-30,NYFED,EFFR,ON,533
2023-10-30,NYFED,SOFR,ON,531
2023-10-30,UST,DGS2,2Y,503
2023-10-30,UST,DGS5,5Y,480
2023-10-31,NYFED,EFFR,ON,533
2023-10-31,NYFED,SOFR,ON,535
2023-10-31,UST,DGS2,2Y,507
2023-10-31,UST,DGS5,5Y,482
2023-11-01,NYFED,EFFR,ON,533
2023-11-01,NYFED,SOFR,ON,532
2023-11-01,UST,DGS2,2Y,495
2023-11-01,UST,DGS5,5Y,467
2023-11-02,NYFED,EFFR,ON,533
2023-11-02,NYFED,SOFR,ON,533
2023-11-02,UST,DGS2,2Y,498
2023-11-02,UST,DGS5,5Y,465
2023-11-03,NYFED,EFFR,ON,533
2023-11-03,NYFED,SOFR,ON,532
2023-11-03,UST,DGS2,2Y,483
2023-11-03,UST,DGS5,5Y,449
2023-11-06,NYFED,EFFR,ON,533
2023-11-06,NYFED,SOFR,ON,532
2023-11-06,UST,DGS2,2Y,493
2023-11-06,UST,DGS5,5Y,460
2023-11-07,NYFED,EFFR,ON,533
2023-11-07,NYFED,SOFR,ON,532
2023-11-07,UST,DGS2,2Y,491
2023-11-07,UST,DGS5,5Y,453
2023-11-08,NYFED,EFFR,ON,533
2023-11-08,NYFED,SOFR,ON,532
2023-11-08,UST,DGS2,2Y,493
2023-11-08,UST,DGS5,5Y,451
2023-11-09,NYFED,EFFR,ON,533
2023-11-09,NYFED,SOFR,ON,532
2023-11-09,UST,DGS2,2Y,503
2023-11-09,UST,DGS5,5Y,465
2023-11-10,NYFED,EFFR,ON,533
2023-11-10,NYFED,SOFR,ON,532
2023-11-10,UST,DGS2,2Y,504
2023-11-10,UST,DGS5,5Y,465
2023-11-13,NYFED,EFFR,ON,533
2023-11-13,NYFED,SOFR,ON,532
2023-11-13,UST,DGS2,2Y,502
2023-11-13,UST,DGS5,5Y,466
2023-11-14,NYFED,EFFR,ON,533
2023-11-14,NYFED,SOFR,ON,532
2023-11-14,UST,DGS2,2Y,480
2023-11-14,UST,DGS5,5Y,442
2023-11-15,NYFED,EFFR,ON,533
2023-11-15,NYFED,SOFR,ON,532
2023-11-15,UST,DGS2,2Y,490
2023-11-15,UST,DGS5,5Y,452
2023-11-16,NYFED,EFFR,ON,533
2023-11-16,NYFED,SOFR,ON,532
2023-11-16,UST,DGS2,2Y,483
2023-11-16,UST,DGS5,5Y,443
2023-11-17,NYFED,EFFR,ON,533
2023-11-17,NYFED,SOFR,ON,532
2023-11-17,UST,DGS2,2Y,488
2023-11-17,UST,DGS5,5Y,445
2023-11-20,NYFED,EFFR,ON,533
2023-11-20,NYFED,SOFR,ON,531
2023-11-20,UST,DGS2,2Y,489
2023-11-20,UST,DGS5,5Y,444
2023-11-21,NYFED,EFFR,ON,533
2023-11-21,NYFED,SOFR,ON,531
2023-11-21,UST,DGS2,2Y,486
2023-11-21,UST,DGS5,5Y,441
2023-11-22,NYFED,EFFR,ON,533
2023-11-22,NYFED,SOFR,ON,531
2023-11-22,UST,DGS2,2Y,489
2023-11-22,UST,DGS5,5Y,444
2023-11-24,NYFED,EFFR,ON,533
2023-11-24,NYFED,SOFR,ON,532
2023-11-24,UST,DGS2,2Y,492
2023-11-24,UST,DGS5,5Y,449
2023-11-27,NYFED,EFFR,ON,533
2023-11-27,NYFED,SOFR,ON,532
2023-11-27,UST,DGS2,2Y,484
2023-11-27,UST,DGS5,5Y,438
2023-11-28,NYFED,EFFR,ON,533
2023-11-28,NYFED,SOFR,ON,532
2023-11-28,UST,DGS2,2Y,473
2023-11-28,UST,DGS5,5Y,429
2023-11-29,NYFED,EFFR,ON,533
2023-11-29,NYFED,SOFR,ON,531
2023-11-29,UST,DGS2,2Y,464
2023-11-29,UST,DGS5,5Y,422
2023-11-30,NYFED,EFFR,ON,533
2023-11-30,NYFED,SOFR,ON,533
2023-11-30,UST,DGS2,2Y,473
2023-11-30,UST,DGS5,5Y,431
2023-12-01,NYFED,EFFR,ON,533
2023-12-01,NYFED,SOFR,ON,539
2023-12-01,UST,DGS2,2Y,456
2023-12-01,UST,DGS5,5Y,414
2023-12-04,NYFED,EFFR,ON,533
2023-12-04,NYFED,SOFR,ON,537
2023-12-04,UST,DGS2,2Y,464
2023-12-04,UST,DGS5,5Y,423
2023-12-05,NYFED,EFFR,ON,533
2023-12-05,NYFED,SOFR,ON,533
2023-12-05,UST,DGS2,2Y,457
2023-12-05,UST,DGS5,5Y,414
2023-12-06,NYFED,EFFR,ON,533
2023-12-06,NYFED,SOFR,ON,532
2023-12-06,UST,DGS2,2Y,460
2023-12-06,UST,DGS5,5Y,412
2023-12-07,NYFED,EFFR,ON,533
2023-12-07,NYFED,SOFR,ON,532
2023-12-07,UST,DGS2,2Y,458
2023-12-07,UST,DGS5,5Y,411
2023-12-08,NYFED,EFFR,ON,533
2023-12-08,NYFED,SOFR,ON,532
2023-12-08,UST,DGS2,2Y,471
2023-12-08,UST,DGS5,5Y,424
2023-12-11,NYFED,EFFR,ON,533
2023-12-11,NYFED,SOFR,ON,532
2023-12-11,UST,DGS2,2Y,471
2023-12-11,UST,DGS5,5Y,425
2023-12-12,NYFED,EFFR,ON,533
2023-12-12,NYFED,SOFR,ON,531
2023-12-12,UST,DGS2,2Y,473
2023-12-12,UST,DGS5,5Y,423
2023-12-13,NYFED,EFFR,ON,533
2023-12-13,NYFED,SOFR,ON,531
2023-12-13,UST,DGS2,2Y,446
2023-12-13,UST,DGS5,5Y,400
2023-12-14,NYFED,EFFR,ON,533
2023-12-14,NYFED,SOFR,ON,531
2023-12-14,UST,DGS2,2Y,437
2023-12-14,UST,DGS5,5Y,390
2023-12-15,NYFED,EFFR,ON,533
2023-12-15,NYFED,SOFR,ON,532
2023-12-15,UST,DGS2,2Y,444
2023-12-15,UST,DGS5,5Y,391
2023-12-18,NYFED,EFFR,ON,533
2023-12-18,NYFED,SOFR,ON,532
2023-12-18,UST,DGS2,2Y,443
2023-12-18,UST,DGS5,5Y,394
2023-12-19,NYFED,EFFR,ON,533
2023-12-19,NYFED,SOFR,ON,531
2023-12-19,UST,DGS2,2Y,441
2023-12-19,UST,DGS5,5Y,394
2023-12-20,NYFED,EFFR,ON,533
2023-12-20,NYFED,SOFR,ON,531
2023-12-20,UST,DGS2,2Y,434
2023-12-20,UST,DGS5,5Y,386
2023-12-21,NYFED,EFFR,ON,533
2023-12-21,NYFED,SOFR,ON,531
2023-12-21,UST,DGS2,2Y,433
2023-12-21,UST,DGS5,5Y,387
2023-12-22,NYFED,EFFR,ON,533
2023-12-22,NYFED,SOFR,ON,532
2023-12-22,UST,DGS2,2Y,431
2023-12-22,UST,DGS5,5Y,387
2023-12-26,NYFED,EFFR,ON,533
2023-12-26,NYFED,SOFR,ON,535
2023-12-26,UST,DGS2,2Y,426
2023-12-26,UST,DGS5,5Y,389
2023-12-27,NYFED,EFFR,ON,533
2023-12-27,NYFED,SOFR,ON,539
2023-12-27,UST,DGS2,2Y,420
2023-12-27,UST,DGS5,5Y,378
2023-12-28,NYFED,EFFR,ON,533
2023-12-28,NYFED,SOFR,ON,540
2023-12-28,UST,DGS2,2Y,426
2023-12-28,UST,DGS5,5Y,383
2023-12-29,NYFED,EFFR,ON,533
2023-12-29,NYFED,SOFR,ON,538
2023-12-29,UST,DGS2,2Y,423
2023-12-29,UST,DGS5,5Y,384
