observation_date,instrument_id,dv01_usd_per_bp,rate_sensitivity_sign,dv01_method
2023-01-03,ERIS-YIT-202212,18.4279050043,-1,eris_settlement_dv01
2023-01-03,ERIS-YIW-202212,44.0725030714,-1,eris_settlement_dv01
2023-01-03,YAHOO-CONTINUOUS-ZF,44.0725030714,-1,cme_fixed_ics_ratio_proxy
2023-01-03,YAHOO-CONTINUOUS-ZT,36.8558100086,-1,cme_fixed_ics_ratio_proxy
2023-01-04,ERIS-YIT-202212,18.4094603868,-1,eris_settlement_dv01
2023-01-04,ERIS-YIW-202212,44.2100305775,-1,eris_settlement_dv01
2023-01-04,YAHOO-CONTINUOUS-ZF,44.2100305775,-1,cme_fixed_ics_ratio_proxy
2023-01-04,YAHOO-CONTINUOUS-ZT,36.8189207736,-1,cme_fixed_ics_ratio_proxy
2023-01-05,ERIS-YIT-202212,18.3501964484,-1,eris_settlement_dv01
2023-01-05,ERIS-YIW-202212,44.0937327781,-1,eris_settlement_dv01
2023-01-05,YAHOO-CONTINUOUS-ZF,44.0937327781,-1,cme_fixed_ics_ratio_proxy
2023-01-05,YAHOO-CONTINUOUS-ZT,36.7003928968,-1,cme_fixed_ics_ratio_proxy
2023-01-06,ERIS-YIT-202212,18.4210487476,-1,eris_settlement_dv01
2023-01-06,ERIS-YIW-202212,44.5786150757,-1,eris_settlement_dv01
2023-01-06,YAHOO-CONTINUOUS-ZF,44.5786150757,-1,cme_fixed_ics_ratio_proxy
2023-01-06,YAHOO-CONTINUOUS-ZT,36.8420974952,-1,cme_fixed_ics_ratio_proxy
2023-01-09,ERIS-YIT-202212,18.3791107444,-1,eris_settlement_dv01
2023-01-09,ERIS-YIW-202212,44.6501234432,-1,eris_settlement_dv01
2023-01-09,YAHOO-CONTINUOUS-ZF,44.6501234432,-1,cme_fixed_ics_ratio_proxy
2023-01-09,YAHOO-CONTINUOUS-ZT,36.7582214888,-1,cme_fixed_ics_ratio_proxy
2023-01-10,ERIS-YIT-202212,18.3331768752,-1,eris_settlement_dv01
2023-01-10,ERIS-YIW-202212,44.438739168,-1,eris_settlement_dv01
2023-01-10,YAHOO-CONTINUOUS-ZF,44.438739168,-1,cme_fixed_ics_ratio_proxy
2023-01-10,YAHOO-CONTINUOUS-ZT,36.6663537504,-1,cme_fixed_ics_ratio_proxy
2023-01-11,ERIS-YIT-202212,18.3270504798,-1,eris_settlement_dv01
2023-01-11,ERIS-YIW-202212,44.542779067,-1,eris_settlement_dv01
2023-01-11,YAHOO-CONTINUOUS-ZF,44.542779067,-1,cme_fixed_ics_ratio_proxy
2023-01-11,YAHOO-CONTINUOUS-ZT,36.6541009596,-1,cme_fixed_ics_ratio_proxy
2023-01-12,ERIS-YIT-202212,18.337468956,-1,eris_settlement_dv01
2023-01-12,ERIS-YIW-202212,44.7854413591,-1,eris_settlement_dv01
2023-01-12,YAHOO-CONTINUOUS-ZF,44.7854413591,-1,cme_fixed_ics_ratio_proxy
2023-01-12,YAHOO-CONTINUOUS-ZT,36.674937912,-1,cme_fixed_ics_ratio_proxy
2023-01-13,ERIS-YIT-202212,18.2735055343,-1,eris_settlement_dv01
2023-01-13,ERIS-YIW-202212,44.6033767536,-1,eris_settlement_dv01
2023-01-13,YAHOO-CONTINUOUS-ZF,44.6033767536,-1,cme_fixed_ics_ratio_proxy
2023-01-13,YAHOO-CONTINUOUS-ZT,36.5470110686,-1,cme_fixed_ics_ratio_proxy
2023-01-17,ERIS-YIT-202212,18.2021342901,-1,eris_settlement_dv01
2023-01-17,ERIS-YIW-202212,44.5550237016,-1,eris_settlement_dv01
2023-01-17,YAHOO-CONTINUOUS-ZF,44.5550237016,-1,cme_fixed_ics_ratio_proxy
2023-01-17,YAHOO-CONTINUOUS-ZT,36.4042685802,-1,cme_fixed_ics_ratio_proxy
2023-01-18,ERIS-YIT-202212,18.2286496108,-1,eris_settlement_dv01
2023-01-18,ERIS-YIW-202212,44.8974890314,-1,eris_settlement_dv01
2023-01-18,YAHOO-CONTINUOUS-ZF,44.8974890314,-1,cme_fixed_ics_ratio_proxy
2023-01-18,YAHOO-CONTINUOUS-ZT,36.4572992216,-1,cme_fixed_ics_ratio_proxy
2023-01-19,ERIS-YIT-202212,18.1837418005,-1,eris_settlement_dv01
2023-01-19,ERIS-YIW-202212,44.7685191727,-1,eris_settlement_dv01
2023-01-19,YAHOO-CONTINUOUS-ZF,44.7685191727,-1,cme_fixed_ics_ratio_proxy
2023-01-19,YAHOO-CONTINUOUS-ZT,36.367483601,-1,cme_fixed_ics_ratio_proxy
2023-01-20,ERIS-YIT-202212,18.133960746,-1,eris_settlement_dv01
2023-01-20,ERIS-YIW-202212,44.5424965652,-1,eris_settlement_dv01
2023-01-20,YAHOO-CONTINUOUS-ZF,44.5424965652,-1,cme_fixed_ics_ratio_proxy
2023-01-20,YAHOO-CONTINUOUS-ZT,36.267921492,-1,cme_fixed_ics_ratio_proxy
2023-01-23,ERIS-YIT-202212,18.0328241634,-1,eris_settlement_dv01
2023-01-23,ERIS-YIW-202212,44.3364230549,-1,eris_settlement_dv01
2023-01-23,YAHOO-CONTINUOUS-ZF,44.3364230549,-1,cme_fixed_ics_ratio_proxy
2023-01-23,YAHOO-CONTINUOUS-ZT,36.0656483268,-1,cme_fixed_ics_ratio_proxy
2023-01-24,ERIS-YIT-202212,18.0197547968,-1,eris_settlement_dv01
2023-01-24,ERIS-YIW-202212,44.4307849808,-1,eris_settlement_dv01
2023-01-24,YAHOO-CONTINUOUS-ZF,44.4307849808,-1,cme_fixed_ics_ratio_proxy
2023-01-24,YAHOO-CONTINUOUS-ZT,36.0395095936,-1,cme_fixed_ics_ratio_proxy
2023-01-25,ERIS-YIT-202212,18.0102584978,-1,eris_settlement_dv01
2023-01-25,ERIS-YIW-202212,44.4369421744,-1,eris_settlement_dv01
2023-01-25,YAHOO-CONTINUOUS-ZF,44.4369421744,-1,cme_fixed_ics_ratio_proxy
2023-01-25,YAHOO-CONTINUOUS-ZT,36.0205169956,-1,cme_fixed_ics_ratio_proxy
2023-01-26,ERIS-YIT-202212,17.9668024904,-1,eris_settlement_dv01
2023-01-26,ERIS-YIW-202212,44.3096873401,-1,eris_settlement_dv01
2023-01-26,YAHOO-CONTINUOUS-ZF,44.3096873401,-1,cme_fixed_ics_ratio_proxy
2023-01-26,YAHOO-CONTINUOUS-ZT,35.9336049808,-1,cme_fixed_ics_ratio_proxy
2023-01-27,ERIS-YIT-202212,17.9289075137,-1,eris_settlement_dv01
2023-01-27,ERIS-YIW-202212,44.1868980275,-1,eris_settlement_dv01
2023-01-27,YAHOO-CONTINUOUS-ZF,44.1868980275,-1,cme_fixed_ics_ratio_proxy
2023-01-27,YAHOO-CONTINUOUS-ZT,35.8578150274,-1,cme_fixed_ics_ratio_proxy
2023-01-30,ERIS-YIT-202212,17.8287564582,-1,eris_settlement_dv01
2023-01-30,ERIS-YIW-202212,43.9750995243,-1,eris_settlement_dv01
2023-01-30,YAHOO-CONTINUOUS-ZF,43.9750995243,-1,cme_fixed_ics_ratio_proxy
2023-01-30,YAHOO-CONTINUOUS-ZT,35.6575129164,-1,cme_fixed_ics_ratio_proxy
2023-01-31,ERIS-YIT-202212,17.8280367756,-1,eris_settlement_dv01
2023-01-31,ERIS-YIW-202212,44.0935449172,-1,eris_settlement_dv01
2023-01-31,YAHOO-CONTINUOUS-ZF,44.0935449172,-1,cme_fixed_ics_ratio_proxy
2023-01-31,YAHOO-CONTINUOUS-ZT,35.6560735512,-1,cme_fixed_ics_ratio_proxy
2023-02-01,ERIS-YIT-202212,17.8461713057,-1,eris_settlement_dv01
2023-02-01,ERIS-YIW-202212,44.3823659771,-1,eris_settlement_dv01
2023-02-01,YAHOO-CONTINUOUS-ZF,44.3823659771,-1,cme_fixed_ics_ratio_proxy
2023-02-01,YAHOO-CONTINUOUS-ZT,35.6923426114,-1,cme_fixed_ics_ratio_proxy
2023-02-02,ERIS-YIT-202212,17.8320796377,-1,eris_settlement_dv01
2023-02-02,ERIS-YIW-202212,44.3746648041,-1,eris_settlement_dv01
2023-02-02,YAHOO-CONTINUOUS-ZF,44.3746648041,-1,cme_fixed_ics_ratio_proxy
2023-02-02,YAHOO-CONTINUOUS-ZT,35.6641592754,-1,cme_fixed_ics_ratio_proxy
2023-02-03,ERIS-YIT-202212,17.7102929269,-1,eris_settlement_dv01
2023-02-03,ERIS-YIW-202212,43.8984287388,-1,eris_settlement_dv01
2023-02-03,YAHOO-CONTINUOUS-ZF,43.8984287388,-1,cme_fixed_ics_ratio_proxy
2023-02-03,YAHOO-CONTINUOUS-ZT,35.4205858538,-1,cme_fixed_ics_ratio_proxy
2023-02-06,ERIS-YIT-202212,17.5672151835,-1,eris_settlement_dv01
2023-02-06,ERIS-YIW-202212,43.5057533351,-1,eris_settlement_dv01
2023-02-06,YAHOO-CONTINUOUS-ZF,43.5057533351,-1,cme_fixed_ics_ratio_proxy
2023-02-06,YAHOO-CONTINUOUS-ZT,35.134430367,-1,cme_fixed_ics_ratio_proxy
2023-02-07,ERIS-YIT-202212,17.5294876028,-1,eris_settlement_dv01
2023-02-07,ERIS-YIW-202212,43.4253964654,-1,eris_settlement_dv01
2023-02-07,YAHOO-CONTINUOUS-ZF,43.4253964654,-1,cme_fixed_ics_ratio_proxy
2023-02-07,YAHOO-CONTINUOUS-ZT,35.0589752056,-1,cme_fixed_ics_ratio_proxy
2023-02-08,ERIS-YIT-202212,17.5107447094,-1,eris_settlement_dv01
2023-02-08,ERIS-YIW-202212,43.4561001381,-1,eris_settlement_dv01
2023-02-08,YAHOO-CONTINUOUS-ZF,43.4561001381,-1,cme_fixed_ics_ratio_proxy
2023-02-08,YAHOO-CONTINUOUS-ZT,35.0214894188,-1,cme_fixed_ics_ratio_proxy
2023-02-09,ERIS-YIT-202212,17.4572078658,-1,eris_settlement_dv01
2023-02-09,ERIS-YIW-202212,43.2805428053,-1,eris_settlement_dv01
2023-02-09,YAHOO-CONTINUOUS-ZF,43.2805428053,-1,cme_fixed_ics_ratio_proxy
2023-02-09,YAHOO-CONTINUOUS-ZT,34.9144157316,-1,cme_fixed_ics_ratio_proxy
2023-02-10,ERIS-YIT-202212,17.4216798073,-1,eris_settlement_dv01
2023-02-10,ERIS-YIW-202212,43.168552004,-1,eris_settlement_dv01
2023-02-10,YAHOO-CONTINUOUS-ZF,43.168552004,-1,cme_fixed_ics_ratio_proxy
2023-02-10,YAHOO-CONTINUOUS-ZT,34.8433596146,-1,cme_fixed_ics_ratio_proxy
2023-02-13,ERIS-YIT-202212,17.3401066488,-1,eris_settlement_dv01
2023-02-13,ERIS-YIW-202212,43.0812286682,-1,eris_settlement_dv01
2023-02-13,YAHOO-CONTINUOUS-ZF,43.0812286682,-1,cme_fixed_ics_ratio_proxy
2023-02-13,YAHOO-CONTINUOUS-ZT,34.6802132976,-1,cme_fixed_ics_ratio_proxy
2023-02-14,ERIS-YIT-202212,17.2553101407,-1,eris_settlement_dv01
2023-02-14,ERIS-YIW-202212,42.8286401818,-1,eris_settlement_dv01
2023-02-14,YAHOO-CONTINUOUS-ZF,42.8286401818,-1,cme_fixed_ics_ratio_proxy
2023-02-14,YAHOO-CONTINUOUS-ZT,34.5106202814,-1,cme_fixed_ics_ratio_proxy
2023-02-15,ERIS-YIT-202212,17.2269219088,-1,eris_settlement_dv01
2023-02-15,ERIS-YIW-202212,42.7152150377,-1,eris_settlement_dv01
2023-02-15,YAHOO-CONTINUOUS-ZF,42.7152150377,-1,cme_fixed_ics_ratio_proxy
2023-02-15,YAHOO-CONTINUOUS-ZT,34.4538438176,-1,cme_fixed_ics_ratio_proxy
2023-02-16,ERIS-YIT-202212,17.2184262503,-1,eris_settlement_dv01
2023-02-16,ERIS-YIW-202212,42.686266169,-1,eris_settlement_dv01
2023-02-16,YAHOO-CONTINUOUS-ZF,42.686266169,-1,cme_fixed_ics_ratio_proxy
2023-02-16,YAHOO-CONTINUOUS-ZT,34.4368525006,-1,cme_fixed_ics_ratio_proxy
2023-02-17,ERIS-YIT-202212,17.1906771738,-1,eris_settlement_dv01
2023-02-17,ERIS-YIW-202212,42.7095390822,-1,eris_settlement_dv01
2023-02-17,YAHOO-CONTINUOUS-ZF,42.7095390822,-1,cme_fixed_ics_ratio_proxy
2023-02-17,YAHOO-CONTINUOUS-ZT,34.3813543476,-1,cme_fixed_ics_ratio_proxy
2023-02-21,ERIS-YIT-202303,18.8572373387,-1,eris_settlement_dv01
2023-02-21,ERIS-YIW-202212,42.3104994789,-1,eris_settlement_dv01
2023-02-21,YAHOO-CONTINUOUS-ZF,42.3104994789,-1,cme_fixed_ics_ratio_proxy
2023-02-21,YAHOO-CONTINUOUS-ZT,37.7144746774,-1,cme_fixed_ics_ratio_proxy
2023-02-22,ERIS-YIT-202303,18.8584890916,-1,eris_settlement_dv01
2023-02-22,ERIS-YIW-202212,42.3144244913,-1,eris_settlement_dv01
2023-02-22,YAHOO-CONTINUOUS-ZF,42.3144244913,-1,cme_fixed_ics_ratio_proxy
2023-02-22,YAHOO-CONTINUOUS-ZT,37.7169781832,-1,cme_fixed_ics_ratio_proxy
2023-02-23,ERIS-YIT-202303,18.8681161674,-1,eris_settlement_dv01
2023-02-23,ERIS-YIW-202212,42.3796960845,-1,eris_settlement_dv01
2023-02-23,YAHOO-CONTINUOUS-ZF,42.3796960845,-1,cme_fixed_ics_ratio_proxy
2023-02-23,YAHOO-CONTINUOUS-ZT,37.7362323348,-1,cme_fixed_ics_ratio_proxy
2023-02-24,ERIS-YIT-202303,18.7979363615,-1,eris_settlement_dv01
2023-02-24,ERIS-YIW-202212,42.0918718798,-1,eris_settlement_dv01
2023-02-24,YAHOO-CONTINUOUS-ZF,42.0918718798,-1,cme_fixed_ics_ratio_proxy
2023-02-24,YAHOO-CONTINUOUS-ZT,37.595872723,-1,cme_fixed_ics_ratio_proxy
2023-02-27,ERIS-YIT-202303,18.8084475122,-1,eris_settlement_dv01
2023-02-27,ERIS-YIW-202212,42.1161834982,-1,eris_settlement_dv01
2023-02-27,YAHOO-CONTINUOUS-ZF,42.1161834982,-1,cme_fixed_ics_ratio_proxy
2023-02-27,YAHOO-CONTINUOUS-ZT,37.6168950244,-1,cme_fixed_ics_ratio_proxy
2023-02-28,ERIS-YIT-202303,18.8065822388,-1,eris_settlement_dv01
2023-02-28,ERIS-YIW-202212,42.0962192552,-1,eris_settlement_dv01
2023-02-28,YAHOO-CONTINUOUS-ZF,42.0962192552,-1,cme_fixed_ics_ratio_proxy
2023-02-28,YAHOO-CONTINUOUS-ZT,37.6131644776,-1,cme_fixed_ics_ratio_proxy
2023-03-01,ERIS-YIT-202303,18.7607164431,-1,eris_settlement_dv01
2023-03-01,ERIS-YIW-202212,41.849459372,-1,eris_settlement_dv01
2023-03-01,YAHOO-CONTINUOUS-ZF,41.849459372,-1,cme_fixed_ics_ratio_proxy
2023-03-01,YAHOO-CONTINUOUS-ZT,37.5214328862,-1,cme_fixed_ics_ratio_proxy
2023-03-02,ERIS-YIT-202303,18.7534476797,-1,eris_settlement_dv01
2023-03-02,ERIS-YIW-202212,41.6777176745,-1,eris_settlement_dv01
2023-03-02,YAHOO-CONTINUOUS-ZF,41.6777176745,-1,cme_fixed_ics_ratio_proxy
2023-03-02,YAHOO-CONTINUOUS-ZT,37.5068953594,-1,cme_fixed_ics_ratio_proxy
2023-03-03,ERIS-YIT-202303,18.7817690405,-1,eris_settlement_dv01
2023-03-03,ERIS-YIW-202212,41.8294881253,-1,eris_settlement_dv01
2023-03-03,YAHOO-CONTINUOUS-ZF,41.8294881253,-1,cme_fixed_ics_ratio_proxy
2023-03-03,YAHOO-CONTINUOUS-ZT,37.563538081,-1,cme_fixed_ics_ratio_proxy
2023-03-06,ERIS-YIT-202303,18.7789038228,-1,eris_settlement_dv01
2023-03-06,ERIS-YIW-202212,41.7584567534,-1,eris_settlement_dv01
2023-03-06,YAHOO-CONTINUOUS-ZF,41.7584567534,-1,cme_fixed_ics_ratio_proxy
2023-03-06,YAHOO-CONTINUOUS-ZT,37.5578076456,-1,cme_fixed_ics_ratio_proxy
2023-03-07,ERIS-YIT-202303,18.7082213718,-1,eris_settlement_dv01
2023-03-07,ERIS-YIW-202212,41.630100124,-1,eris_settlement_dv01
2023-03-07,YAHOO-CONTINUOUS-ZF,41.630100124,-1,cme_fixed_ics_ratio_proxy
2023-03-07,YAHOO-CONTINUOUS-ZT,37.4164427436,-1,cme_fixed_ics_ratio_proxy
2023-03-08,ERIS-YIT-202303,18.6939214253,-1,eris_settlement_dv01
2023-03-08,ERIS-YIW-202212,41.5769889784,-1,eris_settlement_dv01
2023-03-08,YAHOO-CONTINUOUS-ZF,41.5769889784,-1,cme_fixed_ics_ratio_proxy
2023-03-08,YAHOO-CONTINUOUS-ZT,37.3878428506,-1,cme_fixed_ics_ratio_proxy
2023-03-09,ERIS-YIT-202303,18.7854066994,-1,eris_settlement_dv01
2023-03-09,ERIS-YIW-202212,41.820028765,-1,eris_settlement_dv01
2023-03-09,YAHOO-CONTINUOUS-ZF,41.820028765,-1,cme_fixed_ics_ratio_proxy
2023-03-09,YAHOO-CONTINUOUS-ZT,37.5708133988,-1,cme_fixed_ics_ratio_proxy
2023-03-10,ERIS-YIT-202303,19.0001873001,-1,eris_settlement_dv01
2023-03-10,ERIS-YIW-202212,42.4710627311,-1,eris_settlement_dv01
2023-03-10,YAHOO-CONTINUOUS-ZF,42.4710627311,-1,cme_fixed_ics_ratio_proxy
2023-03-10,YAHOO-CONTINUOUS-ZT,38.0003746002,-1,cme_fixed_ics_ratio_proxy
2023-03-13,ERIS-YIT-202303,19.3646272233,-1,eris_settlement_dv01
2023-03-13,ERIS-YIW-202212,43.1268376743,-1,eris_settlement_dv01
2023-03-13,YAHOO-CONTINUOUS-ZF,43.1268376743,-1,cme_fixed_ics_ratio_proxy
2023-03-13,YAHOO-CONTINUOUS-ZT,38.7292544466,-1,cme_fixed_ics_ratio_proxy
2023-03-14,ERIS-YIT-202303,19.2425504631,-1,eris_settlement_dv01
2023-03-14,ERIS-YIW-202212,42.7295620464,-1,eris_settlement_dv01
2023-03-14,YAHOO-CONTINUOUS-ZF,42.7295620464,-1,cme_fixed_ics_ratio_proxy
2023-03-14,YAHOO-CONTINUOUS-ZT,38.4851009262,-1,cme_fixed_ics_ratio_proxy
2023-03-15,ERIS-YIT-202303,19.3698409774,-1,eris_settlement_dv01
2023-03-15,ERIS-YIW-202212,43.0696915095,-1,eris_settlement_dv01
2023-03-15,YAHOO-CONTINUOUS-ZF,43.0696915095,-1,cme_fixed_ics_ratio_proxy
2023-03-15,YAHOO-CONTINUOUS-ZT,38.7396819548,-1,cme_fixed_ics_ratio_proxy
2023-03-16,ERIS-YIT-202303,19.2421901546,-1,eris_settlement_dv01
2023-03-16,ERIS-YIW-202212,42.735018212,-1,eris_settlement_dv01
2023-03-16,YAHOO-CONTINUOUS-ZF,42.735018212,-1,cme_fixed_ics_ratio_proxy
2023-03-16,YAHOO-CONTINUOUS-ZT,38.4843803092,-1,cme_fixed_ics_ratio_proxy
2023-03-17,ERIS-YIT-202303,19.3822564363,-1,eris_settlement_dv01
2023-03-17,ERIS-YIW-202212,43.3456240827,-1,eris_settlement_dv01
2023-03-17,YAHOO-CONTINUOUS-ZF,43.3456240827,-1,cme_fixed_ics_ratio_proxy
2023-03-17,YAHOO-CONTINUOUS-ZT,38.7645128726,-1,cme_fixed_ics_ratio_proxy
2023-03-20,ERIS-YIT-202303,19.2589464596,-1,eris_settlement_dv01
2023-03-20,ERIS-YIW-202212,43.051480421,-1,eris_settlement_dv01
2023-03-20,YAHOO-CONTINUOUS-ZF,43.051480421,-1,cme_fixed_ics_ratio_proxy
2023-03-20,YAHOO-CONTINUOUS-ZT,38.5178929192,-1,cme_fixed_ics_ratio_proxy
2023-03-21,ERIS-YIT-202303,19.0756562472,-1,eris_settlement_dv01
2023-03-21,ERIS-YIW-202212,42.6198284737,-1,eris_settlement_dv01
2023-03-21,YAHOO-CONTINUOUS-ZF,42.6198284737,-1,cme_fixed_ics_ratio_proxy
2023-03-21,YAHOO-CONTINUOUS-ZT,38.1513124944,-1,cme_fixed_ics_ratio_proxy
2023-03-22,ERIS-YIT-202303,19.1488067333,-1,eris_settlement_dv01
2023-03-22,ERIS-YIW-202212,43.0050546567,-1,eris_settlement_dv01
2023-03-22,YAHOO-CONTINUOUS-ZF,43.0050546567,-1,cme_fixed_ics_ratio_proxy
2023-03-22,YAHOO-CONTINUOUS-ZT,38.2976134666,-1,cme_fixed_ics_ratio_proxy
2023-03-23,ERIS-YIT-202303,19.2332626348,-1,eris_settlement_dv01
2023-03-23,ERIS-YIW-202212,43.3763303324,-1,eris_settlement_dv01
2023-03-23,YAHOO-CONTINUOUS-ZF,43.3763303324,-1,cme_fixed_ics_ratio_proxy
2023-03-23,YAHOO-CONTINUOUS-ZT,38.4665252696,-1,cme_fixed_ics_ratio_proxy
2023-03-24,ERIS-YIT-202303,19.2193276875,-1,eris_settlement_dv01
2023-03-24,ERIS-YIW-202212,43.4019549995,-1,eris_settlement_dv01
2023-03-24,YAHOO-CONTINUOUS-ZF,43.4019549995,-1,cme_fixed_ics_ratio_proxy
2023-03-24,YAHOO-CONTINUOUS-ZT,38.438655375,-1,cme_fixed_ics_ratio_proxy
2023-03-27,ERIS-YIT-202303,19.0277422435,-1,eris_settlement_dv01
2023-03-27,ERIS-YIW-202212,42.9337241442,-1,eris_settlement_dv01
2023-03-27,YAHOO-CONTINUOUS-ZF,42.9337241442,-1,cme_fixed_ics_ratio_proxy
2023-03-27,YAHOO-CONTINUOUS-ZT,38.055484487,-1,cme_fixed_ics_ratio_proxy
2023-03-28,ERIS-YIT-202303,18.9604916232,-1,eris_settlement_dv01
2023-03-28,ERIS-YIW-202212,42.7734918353,-1,eris_settlement_dv01
2023-03-28,YAHOO-CONTINUOUS-ZF,42.7734918353,-1,cme_fixed_ics_ratio_proxy
2023-03-28,YAHOO-CONTINUOUS-ZT,37.9209832464,-1,cme_fixed_ics_ratio_proxy
2023-03-29,ERIS-YIT-202303,18.9162478763,-1,eris_settlement_dv01
2023-03-29,ERIS-YIW-202212,42.718081225,-1,eris_settlement_dv01
2023-03-29,YAHOO-CONTINUOUS-ZF,42.718081225,-1,cme_fixed_ics_ratio_proxy
2023-03-29,YAHOO-CONTINUOUS-ZT,37.8324957526,-1,cme_fixed_ics_ratio_proxy
2023-03-30,ERIS-YIT-202303,18.8772002734,-1,eris_settlement_dv01
2023-03-30,ERIS-YIW-202212,42.7252931597,-1,eris_settlement_dv01
2023-03-30,YAHOO-CONTINUOUS-ZF,42.7252931597,-1,cme_fixed_ics_ratio_proxy
2023-03-30,YAHOO-CONTINUOUS-ZT,37.7544005468,-1,cme_fixed_ics_ratio_proxy
2023-03-31,ERIS-YIT-202303,18.8686957008,-1,eris_settlement_dv01
2023-03-31,ERIS-YIW-202212,42.8196034416,-1,eris_settlement_dv01
2023-03-31,YAHOO-CONTINUOUS-ZF,42.8196034416,-1,cme_fixed_ics_ratio_proxy
2023-03-31,YAHOO-CONTINUOUS-ZT,37.7373914016,-1,cme_fixed_ics_ratio_proxy
2023-04-03,ERIS-YIT-202303,18.8279591334,-1,eris_settlement_dv01
2023-04-03,ERIS-YIW-202212,42.9385429109,-1,eris_settlement_dv01
2023-04-03,YAHOO-CONTINUOUS-ZF,42.9385429109,-1,cme_fixed_ics_ratio_proxy
2023-04-03,YAHOO-CONTINUOUS-ZT,37.6559182668,-1,cme_fixed_ics_ratio_proxy
2023-04-04,ERIS-YIT-202303,18.889613892,-1,eris_settlement_dv01
2023-04-04,ERIS-YIW-202212,43.2406628501,-1,eris_settlement_dv01
2023-04-04,YAHOO-CONTINUOUS-ZF,43.2406628501,-1,cme_fixed_ics_ratio_proxy
2023-04-04,YAHOO-CONTINUOUS-ZT,37.779227784,-1,cme_fixed_ics_ratio_proxy
2023-04-05,ERIS-YIT-202303,18.9018818245,-1,eris_settlement_dv01
2023-04-05,ERIS-YIW-202212,43.3181723859,-1,eris_settlement_dv01
2023-04-05,YAHOO-CONTINUOUS-ZF,43.3181723859,-1,cme_fixed_ics_ratio_proxy
2023-04-05,YAHOO-CONTINUOUS-ZT,37.803763649,-1,cme_fixed_ics_ratio_proxy
2023-04-06,ERIS-YIT-202303,18.8382047503,-1,eris_settlement_dv01
2023-04-06,ERIS-YIW-202212,43.2370535796,-1,eris_settlement_dv01
2023-04-06,YAHOO-CONTINUOUS-ZF,43.2370535796,-1,cme_fixed_ics_ratio_proxy
2023-04-06,YAHOO-CONTINUOUS-ZT,37.6764095006,-1,cme_fixed_ics_ratio_proxy
2023-04-07,ERIS-YIT-202303,18.6592434744,-1,eris_settlement_dv01
2023-04-07,ERIS-YIW-202212,42.8544571007,-1,eris_settlement_dv01
2023-04-10,ERIS-YIT-202303,18.6129376725,-1,eris_settlement_dv01
2023-04-10,ERIS-YIW-202212,42.7351169731,-1,eris_settlement_dv01
2023-04-10,YAHOO-CONTINUOUS-ZF,42.7351169731,-1,cme_fixed_ics_ratio_proxy
2023-04-10,YAHOO-CONTINUOUS-ZT,37.225875345,-1,cme_fixed_ics_ratio_proxy
2023-04-11,ERIS-YIT-202303,18.5960508294,-1,eris_settlement_dv01
2023-04-11,ERIS-YIW-202212,42.6663471341,-1,eris_settlement_dv01
2023-04-11,YAHOO-CONTINUOUS-ZF,42.6663471341,-1,cme_fixed_ics_ratio_proxy
2023-04-11,YAHOO-CONTINUOUS-ZT,37.1921016588,-1,cme_fixed_ics_ratio_proxy
2023-04-12,ERIS-YIT-202303,18.6136336278,-1,eris_settlement_dv01
2023-04-12,ERIS-YIW-202212,42.8121173388,-1,eris_settlement_dv01
2023-04-12,YAHOO-CONTINUOUS-ZF,42.8121173388,-1,cme_fixed_ics_ratio_proxy
2023-04-12,YAHOO-CONTINUOUS-ZT,37.2272672556,-1,cme_fixed_ics_ratio_proxy
2023-04-13,ERIS-YIT-202303,18.588551871,-1,eris_settlement_dv01
2023-04-13,ERIS-YIW-202212,42.7330897091,-1,eris_settlement_dv01
2023-04-13,YAHOO-CONTINUOUS-ZF,42.7330897091,-1,cme_fixed_ics_ratio_proxy
2023-04-13,YAHOO-CONTINUOUS-ZT,37.177103742,-1,cme_fixed_ics_ratio_proxy
2023-04-14,ERIS-YIT-202303,18.4951359555,-1,eris_settlement_dv01
2023-04-14,ERIS-YIW-202212,42.4622219921,-1,eris_settlement_dv01
2023-04-14,YAHOO-CONTINUOUS-ZF,42.4622219921,-1,cme_fixed_ics_ratio_proxy
2023-04-14,YAHOO-CONTINUOUS-ZT,36.990271911,-1,cme_fixed_ics_ratio_proxy
2023-04-17,ERIS-YIT-202303,18.3762397943,-1,eris_settlement_dv01
2023-04-17,ERIS-YIW-202212,42.2036271681,-1,eris_settlement_dv01
2023-04-17,YAHOO-CONTINUOUS-ZF,42.2036271681,-1,cme_fixed_ics_ratio_proxy
2023-04-17,YAHOO-CONTINUOUS-ZT,36.7524795886,-1,cme_fixed_ics_ratio_proxy
2023-04-18,ERIS-YIT-202303,18.3450197243,-1,eris_settlement_dv01
2023-04-18,ERIS-YIW-202212,42.204686021,-1,eris_settlement_dv01
2023-04-18,YAHOO-CONTINUOUS-ZF,42.204686021,-1,cme_fixed_ics_ratio_proxy
2023-04-18,YAHOO-CONTINUOUS-ZT,36.6900394486,-1,cme_fixed_ics_ratio_proxy
2023-04-19,ERIS-YIT-202303,18.2861605057,-1,eris_settlement_dv01
2023-04-19,ERIS-YIW-202212,42.0736828464,-1,eris_settlement_dv01
2023-04-19,YAHOO-CONTINUOUS-ZF,42.0736828464,-1,cme_fixed_ics_ratio_proxy
2023-04-19,YAHOO-CONTINUOUS-ZT,36.5723210114,-1,cme_fixed_ics_ratio_proxy
2023-04-20,ERIS-YIT-202303,18.3114410602,-1,eris_settlement_dv01
2023-04-20,ERIS-YIW-202212,42.2522437681,-1,eris_settlement_dv01
2023-04-20,YAHOO-CONTINUOUS-ZF,42.2522437681,-1,cme_fixed_ics_ratio_proxy
2023-04-20,YAHOO-CONTINUOUS-ZT,36.6228821204,-1,cme_fixed_ics_ratio_proxy
2023-04-21,ERIS-YIT-202303,18.2812367567,-1,eris_settlement_dv01
2023-04-21,ERIS-YIW-202212,42.1730622505,-1,eris_settlement_dv01
2023-04-21,YAHOO-CONTINUOUS-ZF,42.1730622505,-1,cme_fixed_ics_ratio_proxy
2023-04-21,YAHOO-CONTINUOUS-ZT,36.5624735134,-1,cme_fixed_ics_ratio_proxy
2023-04-24,ERIS-YIT-202303,18.2289637933,-1,eris_settlement_dv01
2023-04-24,ERIS-YIW-202212,42.2379933433,-1,eris_settlement_dv01
2023-04-24,YAHOO-CONTINUOUS-ZF,42.2379933433,-1,cme_fixed_ics_ratio_proxy
2023-04-24,YAHOO-CONTINUOUS-ZT,36.4579275866,-1,cme_fixed_ics_ratio_proxy
2023-04-25,ERIS-YIT-202303,18.3118359524,-1,eris_settlement_dv01
2023-04-25,ERIS-YIW-202212,42.620409065,-1,eris_settlement_dv01
2023-04-25,YAHOO-CONTINUOUS-ZF,42.620409065,-1,cme_fixed_ics_ratio_proxy
2023-04-25,YAHOO-CONTINUOUS-ZT,36.6236719048,-1,cme_fixed_ics_ratio_proxy
2023-04-26,ERIS-YIT-202303,18.2745618803,-1,eris_settlement_dv01
2023-04-26,ERIS-YIW-202212,42.5162769353,-1,eris_settlement_dv01
2023-04-26,YAHOO-CONTINUOUS-ZF,42.5162769353,-1,cme_fixed_ics_ratio_proxy
2023-04-26,YAHOO-CONTINUOUS-ZT,36.5491237606,-1,cme_fixed_ics_ratio_proxy
2023-04-27,ERIS-YIT-202303,18.1685002657,-1,eris_settlement_dv01
2023-04-27,ERIS-YIW-202212,42.1802398567,-1,eris_settlement_dv01
2023-04-27,YAHOO-CONTINUOUS-ZF,42.1802398567,-1,cme_fixed_ics_ratio_proxy
2023-04-27,YAHOO-CONTINUOUS-ZT,36.3370005314,-1,cme_fixed_ics_ratio_proxy
2023-04-28,ERIS-YIT-202303,18.155666549,-1,eris_settlement_dv01
2023-04-28,ERIS-YIW-202212,42.2745344039,-1,eris_settlement_dv01
2023-04-28,YAHOO-CONTINUOUS-ZF,42.2745344039,-1,cme_fixed_ics_ratio_proxy
2023-04-28,YAHOO-CONTINUOUS-ZT,36.311333098,-1,cme_fixed_ics_ratio_proxy
2023-05-01,ERIS-YIT-202303,18.0448392097,-1,eris_settlement_dv01
2023-05-01,ERIS-YIW-202212,42.001322694,-1,eris_settlement_dv01
2023-05-01,YAHOO-CONTINUOUS-ZF,42.001322694,-1,cme_fixed_ics_ratio_proxy
2023-05-01,YAHOO-CONTINUOUS-ZT,36.0896784194,-1,cme_fixed_ics_ratio_proxy
2023-05-02,ERIS-YIT-202303,18.1041632132,-1,eris_settlement_dv01
2023-05-02,ERIS-YIW-202212,42.359616273,-1,eris_settlement_dv01
2023-05-02,YAHOO-CONTINUOUS-ZF,42.359616273,-1,cme_fixed_ics_ratio_proxy
2023-05-02,YAHOO-CONTINUOUS-ZT,36.2083264264,-1,cme_fixed_ics_ratio_proxy
2023-05-03,ERIS-YIT-202303,18.0984336885,-1,eris_settlement_dv01
2023-05-03,ERIS-YIW-202212,42.4310363352,-1,eris_settlement_dv01
2023-05-03,YAHOO-CONTINUOUS-ZF,42.4310363352,-1,cme_fixed_ics_ratio_proxy
2023-05-03,YAHOO-CONTINUOUS-ZT,36.196867377,-1,cme_fixed_ics_ratio_proxy
2023-05-04,ERIS-YIT-202303,18.1859183141,-1,eris_settlement_dv01
2023-05-04,ERIS-YIW-202212,42.7359832955,-1,eris_settlement_dv01
2023-05-04,YAHOO-CONTINUOUS-ZF,42.7359832955,-1,cme_fixed_ics_ratio_proxy
2023-05-04,YAHOO-CONTINUOUS-ZT,36.3718366282,-1,cme_fixed_ics_ratio_proxy
2023-05-05,ERIS-YIT-202303,18.0685718047,-1,eris_settlement_dv01
2023-05-05,ERIS-YIW-202212,42.3724439782,-1,eris_settlement_dv01
2023-05-05,YAHOO-CONTINUOUS-ZF,42.3724439782,-1,cme_fixed_ics_ratio_proxy
2023-05-05,YAHOO-CONTINUOUS-ZT,36.1371436094,-1,cme_fixed_ics_ratio_proxy
2023-05-08,ERIS-YIT-202303,17.9582897294,-1,eris_settlement_dv01
2023-05-08,ERIS-YIW-202212,42.165278793,-1,eris_settlement_dv01
2023-05-08,YAHOO-CONTINUOUS-ZF,42.165278793,-1,cme_fixed_ics_ratio_proxy
2023-05-08,YAHOO-CONTINUOUS-ZT,35.9165794588,-1,cme_fixed_ics_ratio_proxy
2023-05-09,ERIS-YIT-202303,17.9344937051,-1,eris_settlement_dv01
2023-05-09,ERIS-YIW-202212,42.1653443295,-1,eris_settlement_dv01
2023-05-09,YAHOO-CONTINUOUS-ZF,42.1653443295,-1,cme_fixed_ics_ratio_proxy
2023-05-09,YAHOO-CONTINUOUS-ZT,35.8689874102,-1,cme_fixed_ics_ratio_proxy
2023-05-10,ERIS-YIT-202303,17.9713595699,-1,eris_settlement_dv01
2023-05-10,ERIS-YIW-202212,42.3974410992,-1,eris_settlement_dv01
2023-05-10,YAHOO-CONTINUOUS-ZF,42.3974410992,-1,cme_fixed_ics_ratio_proxy
2023-05-10,YAHOO-CONTINUOUS-ZT,35.9427191398,-1,cme_fixed_ics_ratio_proxy
2023-05-11,ERIS-YIT-202303,17.9410647417,-1,eris_settlement_dv01
2023-05-11,ERIS-YIW-202212,42.4166636516,-1,eris_settlement_dv01
2023-05-11,YAHOO-CONTINUOUS-ZF,42.4166636516,-1,cme_fixed_ics_ratio_proxy
2023-05-11,YAHOO-CONTINUOUS-ZT,35.8821294834,-1,cme_fixed_ics_ratio_proxy
2023-05-12,ERIS-YIT-202303,17.8712261701,-1,eris_settlement_dv01
2023-05-12,ERIS-YIW-202212,42.1900075801,-1,eris_settlement_dv01
2023-05-12,YAHOO-CONTINUOUS-ZF,42.1900075801,-1,cme_fixed_ics_ratio_proxy
2023-05-12,YAHOO-CONTINUOUS-ZT,35.7424523402,-1,cme_fixed_ics_ratio_proxy
2023-05-15,ERIS-YIT-202303,17.7946894835,-1,eris_settlement_dv01
2023-05-15,ERIS-YIW-202212,42.102548895,-1,eris_settlement_dv01
2023-05-15,YAHOO-CONTINUOUS-ZF,42.102548895,-1,cme_fixed_ics_ratio_proxy
2023-05-15,YAHOO-CONTINUOUS-ZT,35.589378967,-1,cme_fixed_ics_ratio_proxy
2023-05-16,ERIS-YIT-202303,17.7412219081,-1,eris_settlement_dv01
2023-05-16,ERIS-YIW-202212,41.96442461,-1,eris_settlement_dv01
2023-05-16,YAHOO-CONTINUOUS-ZF,41.96442461,-1,cme_fixed_ics_ratio_proxy
2023-05-16,YAHOO-CONTINUOUS-ZT,35.4824438162,-1,cme_fixed_ics_ratio_proxy
2023-05-17,ERIS-YIT-202303,17.6826333042,-1,eris_settlement_dv01
2023-05-17,ERIS-YIW-202212,41.8095468462,-1,eris_settlement_dv01
2023-05-17,YAHOO-CONTINUOUS-ZF,41.8095468462,-1,cme_fixed_ics_ratio_proxy
2023-05-17,YAHOO-CONTINUOUS-ZT,35.3652666084,-1,cme_fixed_ics_ratio_proxy
2023-05-18,ERIS-YIT-202303,17.5926663689,-1,eris_settlement_dv01
2023-05-18,ERIS-YIW-202212,41.5232867147,-1,eris_settlement_dv01
2023-05-18,YAHOO-CONTINUOUS-ZF,41.5232867147,-1,cme_fixed_ics_ratio_proxy
2023-05-18,YAHOO-CONTINUOUS-ZT,35.1853327378,-1,cme_fixed_ics_ratio_proxy
2023-05-19,ERIS-YIT-202303,17.5627782494,-1,eris_settlement_dv01
2023-05-19,ERIS-YIW-202212,41.4051645413,-1,eris_settlement_dv01
2023-05-19,YAHOO-CONTINUOUS-ZF,41.4051645413,-1,cme_fixed_ics_ratio_proxy
2023-05-19,YAHOO-CONTINUOUS-ZT,35.1255564988,-1,cme_fixed_ics_ratio_proxy
2023-05-22,ERIS-YIT-202303,17.4713294362,-1,eris_settlement_dv01
2023-05-22,ERIS-YIW-202309,45.6656067636,-1,eris_settlement_dv01
2023-05-22,YAHOO-CONTINUOUS-ZF,45.6656067636,-1,cme_fixed_ics_ratio_proxy
2023-05-22,YAHOO-CONTINUOUS-ZT,34.9426588724,-1,cme_fixed_ics_ratio_proxy
2023-05-23,ERIS-YIT-202303,17.4421529524,-1,eris_settlement_dv01
2023-05-23,ERIS-YIW-202309,45.7044810567,-1,eris_settlement_dv01
2023-05-23,YAHOO-CONTINUOUS-ZF,45.7044810567,-1,cme_fixed_ics_ratio_proxy
2023-05-23,YAHOO-CONTINUOUS-ZT,34.8843059048,-1,cme_fixed_ics_ratio_proxy
2023-05-24,ERIS-YIT-202303,17.3883900683,-1,eris_settlement_dv01
2023-05-24,ERIS-YIW-202309,45.6443531711,-1,eris_settlement_dv01
2023-05-24,YAHOO-CONTINUOUS-ZF,45.6443531711,-1,cme_fixed_ics_ratio_proxy
2023-05-24,YAHOO-CONTINUOUS-ZT,34.7767801366,-1,cme_fixed_ics_ratio_proxy
2023-05-25,ERIS-YIT-202303,17.2935768684,-1,eris_settlement_dv01
2023-05-25,ERIS-YIW-202309,45.239317931,-1,eris_settlement_dv01
2023-05-25,YAHOO-CONTINUOUS-ZF,45.239317931,-1,cme_fixed_ics_ratio_proxy
2023-05-25,YAHOO-CONTINUOUS-ZT,34.5871537368,-1,cme_fixed_ics_ratio_proxy
2023-05-26,ERIS-YIT-202303,17.2337536888,-1,eris_settlement_dv01
2023-05-26,ERIS-YIW-202309,45.0915242236,-1,eris_settlement_dv01
2023-05-26,YAHOO-CONTINUOUS-ZF,45.0915242236,-1,cme_fixed_ics_ratio_proxy
2023-05-26,YAHOO-CONTINUOUS-ZT,34.4675073776,-1,cme_fixed_ics_ratio_proxy
2023-05-30,ERIS-YIT-202303,17.1864865261,-1,eris_settlement_dv01
2023-05-30,ERIS-YIW-202309,45.5193431556,-1,eris_settlement_dv01
2023-05-30,YAHOO-CONTINUOUS-ZF,45.5193431556,-1,cme_fixed_ics_ratio_proxy
2023-05-30,YAHOO-CONTINUOUS-ZT,34.3729730522,-1,cme_fixed_ics_ratio_proxy
2023-05-31,ERIS-YIT-202303,17.1988789153,-1,eris_settlement_dv01
2023-05-31,ERIS-YIW-202309,45.7467022381,-1,eris_settlement_dv01
2023-05-31,YAHOO-CONTINUOUS-ZF,45.7467022381,-1,cme_fixed_ics_ratio_proxy
2023-05-31,YAHOO-CONTINUOUS-ZT,34.3977578306,-1,cme_fixed_ics_ratio_proxy
2023-06-01,ERIS-YIT-202303,17.2037374819,-1,eris_settlement_dv01
2023-06-01,ERIS-YIW-202309,45.8823434725,-1,eris_settlement_dv01
2023-06-01,YAHOO-CONTINUOUS-ZF,45.8823434725,-1,cme_fixed_ics_ratio_proxy
2023-06-01,YAHOO-CONTINUOUS-ZT,34.4074749638,-1,cme_fixed_ics_ratio_proxy
2023-06-02,ERIS-YIT-202303,17.1008257145,-1,eris_settlement_dv01
2023-06-02,ERIS-YIW-202309,45.4570293435,-1,eris_settlement_dv01
2023-06-02,YAHOO-CONTINUOUS-ZF,45.4570293435,-1,cme_fixed_ics_ratio_proxy
2023-06-02,YAHOO-CONTINUOUS-ZT,34.201651429,-1,cme_fixed_ics_ratio_proxy
2023-06-05,ERIS-YIT-202309,19.0468533692,-1,eris_settlement_dv01
2023-06-05,ERIS-YIW-202309,45.5615669754,-1,eris_settlement_dv01
2023-06-05,YAHOO-CONTINUOUS-ZF,45.5615669754,-1,cme_fixed_ics_ratio_proxy
2023-06-05,YAHOO-CONTINUOUS-ZT,38.0937067384,-1,cme_fixed_ics_ratio_proxy
2023-06-06,ERIS-YIT-202309,19.0148578066,-1,eris_settlement_dv01
2023-06-06,ERIS-YIW-202309,45.5070029343,-1,eris_settlement_dv01
2023-06-06,YAHOO-CONTINUOUS-ZF,45.5070029343,-1,cme_fixed_ics_ratio_proxy
2023-06-06,YAHOO-CONTINUOUS-ZT,38.0297156132,-1,cme_fixed_ics_ratio_proxy
2023-06-07,ERIS-YIT-202309,18.9803384243,-1,eris_settlement_dv01
2023-06-07,ERIS-YIW-202309,45.3011160658,-1,eris_settlement_dv01
2023-06-07,YAHOO-CONTINUOUS-ZF,45.3011160658,-1,cme_fixed_ics_ratio_proxy
2023-06-07,YAHOO-CONTINUOUS-ZT,37.9606768486,-1,cme_fixed_ics_ratio_proxy
2023-06-08,ERIS-YIT-202309,19.000685219,-1,eris_settlement_dv01
2023-06-08,ERIS-YIW-202309,45.4707121149,-1,eris_settlement_dv01
2023-06-08,YAHOO-CONTINUOUS-ZF,45.4707121149,-1,cme_fixed_ics_ratio_proxy
2023-06-08,YAHOO-CONTINUOUS-ZT,38.001370438,-1,cme_fixed_ics_ratio_proxy
2023-06-09,ERIS-YIT-202309,18.9436893384,-1,eris_settlement_dv01
2023-06-09,ERIS-YIW-202309,45.3075582034,-1,eris_settlement_dv01
2023-06-09,YAHOO-CONTINUOUS-ZF,45.3075582034,-1,cme_fixed_ics_ratio_proxy
2023-06-09,YAHOO-CONTINUOUS-ZT,37.8873786768,-1,cme_fixed_ics_ratio_proxy
2023-06-12,ERIS-YIT-202309,18.9600404939,-1,eris_settlement_dv01
2023-06-12,ERIS-YIW-202309,45.3526871807,-1,eris_settlement_dv01
2023-06-12,YAHOO-CONTINUOUS-ZF,45.3526871807,-1,cme_fixed_ics_ratio_proxy
2023-06-12,YAHOO-CONTINUOUS-ZT,37.9200809878,-1,cme_fixed_ics_ratio_proxy
2023-06-13,ERIS-YIT-202309,18.8809271956,-1,eris_settlement_dv01
2023-06-13,ERIS-YIW-202309,45.0502012639,-1,eris_settlement_dv01
2023-06-13,YAHOO-CONTINUOUS-ZF,45.0502012639,-1,cme_fixed_ics_ratio_proxy
2023-06-13,YAHOO-CONTINUOUS-ZT,37.7618543912,-1,cme_fixed_ics_ratio_proxy
2023-06-14,ERIS-YIT-202309,18.8761646938,-1,eris_settlement_dv01
2023-06-14,ERIS-YIW-202309,45.1094964367,-1,eris_settlement_dv01
2023-06-14,YAHOO-CONTINUOUS-ZF,45.1094964367,-1,cme_fixed_ics_ratio_proxy
2023-06-14,YAHOO-CONTINUOUS-ZT,37.7523293876,-1,cme_fixed_ics_ratio_proxy
2023-06-15,ERIS-YIT-202309,18.9080265776,-1,eris_settlement_dv01
2023-06-15,ERIS-YIW-202309,45.3026443108,-1,eris_settlement_dv01
2023-06-15,YAHOO-CONTINUOUS-ZF,45.3026443108,-1,cme_fixed_ics_ratio_proxy
2023-06-15,YAHOO-CONTINUOUS-ZT,37.8160531552,-1,cme_fixed_ics_ratio_proxy
2023-06-16,ERIS-YIT-202309,18.8606303323,-1,eris_settlement_dv01
2023-06-16,ERIS-YIW-202309,45.1119205975,-1,eris_settlement_dv01
2023-06-16,YAHOO-CONTINUOUS-ZF,45.1119205975,-1,cme_fixed_ics_ratio_proxy
2023-06-16,YAHOO-CONTINUOUS-ZT,37.7212606646,-1,cme_fixed_ics_ratio_proxy
2023-06-20,ERIS-YIT-202309,18.8844874968,-1,eris_settlement_dv01
2023-06-20,ERIS-YIW-202309,45.2445891733,-1,eris_settlement_dv01
2023-06-20,YAHOO-CONTINUOUS-ZF,45.2445891733,-1,cme_fixed_ics_ratio_proxy
2023-06-20,YAHOO-CONTINUOUS-ZT,37.7689749936,-1,cme_fixed_ics_ratio_proxy
2023-06-21,ERIS-YIT-202309,18.8883342302,-1,eris_settlement_dv01
2023-06-21,ERIS-YIW-202309,45.2559243915,-1,eris_settlement_dv01
2023-06-21,YAHOO-CONTINUOUS-ZF,45.2559243915,-1,cme_fixed_ics_ratio_proxy
2023-06-21,YAHOO-CONTINUOUS-ZT,37.7766684604,-1,cme_fixed_ics_ratio_proxy
2023-06-22,ERIS-YIT-202309,18.8262535666,-1,eris_settlement_dv01
2023-06-22,ERIS-YIW-202309,45.0154857867,-1,eris_settlement_dv01
2023-06-22,YAHOO-CONTINUOUS-ZF,45.0154857867,-1,cme_fixed_ics_ratio_proxy
2023-06-22,YAHOO-CONTINUOUS-ZT,37.6525071332,-1,cme_fixed_ics_ratio_proxy
2023-06-23,ERIS-YIT-202309,18.868085354,-1,eris_settlement_dv01
2023-06-23,ERIS-YIW-202309,45.1653770683,-1,eris_settlement_dv01
2023-06-23,YAHOO-CONTINUOUS-ZF,45.1653770683,-1,cme_fixed_ics_ratio_proxy
2023-06-23,YAHOO-CONTINUOUS-ZT,37.736170708,-1,cme_fixed_ics_ratio_proxy
2023-06-26,ERIS-YIT-202309,18.8852631155,-1,eris_settlement_dv01
2023-06-26,ERIS-YIW-202309,45.2589292907,-1,eris_settlement_dv01
2023-06-26,YAHOO-CONTINUOUS-ZF,45.2589292907,-1,cme_fixed_ics_ratio_proxy
2023-06-26,YAHOO-CONTINUOUS-ZT,37.770526231,-1,cme_fixed_ics_ratio_proxy
2023-06-27,ERIS-YIT-202309,18.8303388028,-1,eris_settlement_dv01
2023-06-27,ERIS-YIW-202309,45.0766926159,-1,eris_settlement_dv01
2023-06-27,YAHOO-CONTINUOUS-ZF,45.0766926159,-1,cme_fixed_ics_ratio_proxy
2023-06-27,YAHOO-CONTINUOUS-ZT,37.6606776056,-1,cme_fixed_ics_ratio_proxy
2023-06-28,ERIS-YIT-202309,18.8660465609,-1,eris_settlement_dv01
2023-06-28,ERIS-YIW-202309,45.247552806,-1,eris_settlement_dv01
2023-06-28,YAHOO-CONTINUOUS-ZF,45.247552806,-1,cme_fixed_ics_ratio_proxy
2023-06-28,YAHOO-CONTINUOUS-ZT,37.7320931218,-1,cme_fixed_ics_ratio_proxy
2023-06-29,ERIS-YIT-202309,18.764882438,-1,eris_settlement_dv01
2023-06-29,ERIS-YIW-202309,44.7881028113,-1,eris_settlement_dv01
2023-06-29,YAHOO-CONTINUOUS-ZF,44.7881028113,-1,cme_fixed_ics_ratio_proxy
2023-06-29,YAHOO-CONTINUOUS-ZT,37.529764876,-1,cme_fixed_ics_ratio_proxy
2023-06-30,ERIS-YIT-202309,18.7621358958,-1,eris_settlement_dv01
2023-06-30,ERIS-YIW-202309,44.8071050578,-1,eris_settlement_dv01
2023-06-30,YAHOO-CONTINUOUS-ZF,44.8071050578,-1,cme_fixed_ics_ratio_proxy
2023-06-30,YAHOO-CONTINUOUS-ZT,37.5242717916,-1,cme_fixed_ics_ratio_proxy
2023-07-03,ERIS-YIT-202309,18.7357752842,-1,eris_settlement_dv01
2023-07-03,ERIS-YIW-202309,44.6685556064,-1,eris_settlement_dv01
2023-07-03,YAHOO-CONTINUOUS-ZF,44.6685556064,-1,cme_fixed_ics_ratio_proxy
2023-07-03,YAHOO-CONTINUOUS-ZT,37.4715505684,-1,cme_fixed_ics_ratio_proxy
2023-07-05,ERIS-YIT-202309,18.7281611143,-1,eris_settlement_dv01
2023-07-05,ERIS-YIW-202309,44.489912144,-1,eris_settlement_dv01
2023-07-05,YAHOO-CONTINUOUS-ZF,44.489912144,-1,cme_fixed_ics_ratio_proxy
2023-07-05,YAHOO-CONTINUOUS-ZT,37.4563222286,-1,cme_fixed_ics_ratio_proxy
2023-07-06,ERIS-YIT-202309,18.6884487848,-1,eris_settlement_dv01
2023-07-06,ERIS-YIW-202309,44.1803258179,-1,eris_settlement_dv01
2023-07-06,YAHOO-CONTINUOUS-ZF,44.1803258179,-1,cme_fixed_ics_ratio_proxy
2023-07-06,YAHOO-CONTINUOUS-ZT,37.3768975696,-1,cme_fixed_ics_ratio_proxy
2023-07-07,ERIS-YIT-202309,18.7236990014,-1,eris_settlement_dv01
2023-07-07,ERIS-YIW-202309,44.2383834863,-1,eris_settlement_dv01
2023-07-07,YAHOO-CONTINUOUS-ZF,44.2383834863,-1,cme_fixed_ics_ratio_proxy
2023-07-07,YAHOO-CONTINUOUS-ZT,37.4473980028,-1,cme_fixed_ics_ratio_proxy
2023-07-10,ERIS-YIT-202309,18.7797845942,-1,eris_settlement_dv01
2023-07-10,ERIS-YIW-202309,44.5063453879,-1,eris_settlement_dv01
2023-07-10,YAHOO-CONTINUOUS-ZF,44.5063453879,-1,cme_fixed_ics_ratio_proxy
2023-07-10,YAHOO-CONTINUOUS-ZT,37.5595691884,-1,cme_fixed_ics_ratio_proxy
2023-07-11,ERIS-YIT-202309,18.7677751257,-1,eris_settlement_dv01
2023-07-11,ERIS-YIW-202309,44.5559353635,-1,eris_settlement_dv01
2023-07-11,YAHOO-CONTINUOUS-ZF,44.5559353635,-1,cme_fixed_ics_ratio_proxy
2023-07-11,YAHOO-CONTINUOUS-ZT,37.5355502514,-1,cme_fixed_ics_ratio_proxy
2023-07-12,ERIS-YIT-202309,18.8678021492,-1,eris_settlement_dv01
2023-07-12,ERIS-YIW-202309,45.0054532779,-1,eris_settlement_dv01
2023-07-12,YAHOO-CONTINUOUS-ZF,45.0054532779,-1,cme_fixed_ics_ratio_proxy
2023-07-12,YAHOO-CONTINUOUS-ZT,37.7356042984,-1,cme_fixed_ics_ratio_proxy
2023-07-13,ERIS-YIT-202309,18.9641352057,-1,eris_settlement_dv01
2023-07-13,ERIS-YIW-202309,45.365859049,-1,eris_settlement_dv01
2023-07-13,YAHOO-CONTINUOUS-ZF,45.365859049,-1,cme_fixed_ics_ratio_proxy
2023-07-13,YAHOO-CONTINUOUS-ZT,37.9282704114,-1,cme_fixed_ics_ratio_proxy
2023-07-14,ERIS-YIT-202309,18.8799511423,-1,eris_settlement_dv01
2023-07-14,ERIS-YIW-202309,45.0984885524,-1,eris_settlement_dv01
2023-07-14,YAHOO-CONTINUOUS-ZF,45.0984885524,-1,cme_fixed_ics_ratio_proxy
2023-07-14,YAHOO-CONTINUOUS-ZT,37.7599022846,-1,cme_fixed_ics_ratio_proxy
2023-07-17,ERIS-YIT-202309,18.8995564009,-1,eris_settlement_dv01
2023-07-17,ERIS-YIW-202309,45.2088766984,-1,eris_settlement_dv01
2023-07-17,YAHOO-CONTINUOUS-ZF,45.2088766984,-1,cme_fixed_ics_ratio_proxy
2023-07-17,YAHOO-CONTINUOUS-ZT,37.7991128018,-1,cme_fixed_ics_ratio_proxy
2023-07-18,ERIS-YIT-202309,18.8922142402,-1,eris_settlement_dv01
2023-07-18,ERIS-YIW-202309,45.2309365135,-1,eris_settlement_dv01
2023-07-18,YAHOO-CONTINUOUS-ZF,45.2309365135,-1,cme_fixed_ics_ratio_proxy
2023-07-18,YAHOO-CONTINUOUS-ZT,37.7844284804,-1,cme_fixed_ics_ratio_proxy
2023-07-19,ERIS-YIT-202309,18.8941123897,-1,eris_settlement_dv01
2023-07-19,ERIS-YIW-202309,45.3003133746,-1,eris_settlement_dv01
2023-07-19,YAHOO-CONTINUOUS-ZF,45.3003133746,-1,cme_fixed_ics_ratio_proxy
2023-07-19,YAHOO-CONTINUOUS-ZT,37.7882247794,-1,cme_fixed_ics_ratio_proxy
2023-07-20,ERIS-YIT-202309,18.8409384963,-1,eris_settlement_dv01
2023-07-20,ERIS-YIW-202309,44.9478876651,-1,eris_settlement_dv01
2023-07-20,YAHOO-CONTINUOUS-ZF,44.9478876651,-1,cme_fixed_ics_ratio_proxy
2023-07-20,YAHOO-CONTINUOUS-ZT,37.6818769926,-1,cme_fixed_ics_ratio_proxy
2023-07-21,ERIS-YIT-202309,18.8352890577,-1,eris_settlement_dv01
2023-07-21,ERIS-YIW-202309,44.9522187645,-1,eris_settlement_dv01
2023-07-21,YAHOO-CONTINUOUS-ZF,44.9522187645,-1,cme_fixed_ics_ratio_proxy
2023-07-21,YAHOO-CONTINUOUS-ZT,37.6705781154,-1,cme_fixed_ics_ratio_proxy
2023-07-24,ERIS-YIT-202309,18.8150605252,-1,eris_settlement_dv01
2023-07-24,ERIS-YIW-202309,44.8688891468,-1,eris_settlement_dv01
2023-07-24,YAHOO-CONTINUOUS-ZF,44.8688891468,-1,cme_fixed_ics_ratio_proxy
2023-07-24,YAHOO-CONTINUOUS-ZT,37.6301210504,-1,cme_fixed_ics_ratio_proxy
2023-07-25,ERIS-YIT-202309,18.7902727717,-1,eris_settlement_dv01
2023-07-25,ERIS-YIW-202309,44.701228,-1,eris_settlement_dv01
2023-07-25,YAHOO-CONTINUOUS-ZF,44.701228,-1,cme_fixed_ics_ratio_proxy
2023-07-25,YAHOO-CONTINUOUS-ZT,37.5805455434,-1,cme_fixed_ics_ratio_proxy
2023-07-26,ERIS-YIT-202309,18.8326091406,-1,eris_settlement_dv01
2023-07-26,ERIS-YIW-202309,44.9461494552,-1,eris_settlement_dv01
2023-07-26,YAHOO-CONTINUOUS-ZF,44.9461494552,-1,cme_fixed_ics_ratio_proxy
2023-07-26,YAHOO-CONTINUOUS-ZT,37.6652182812,-1,cme_fixed_ics_ratio_proxy
2023-07-27,ERIS-YIT-202309,18.7605476194,-1,eris_settlement_dv01
2023-07-27,ERIS-YIW-202309,44.5225660519,-1,eris_settlement_dv01
2023-07-27,YAHOO-CONTINUOUS-ZF,44.5225660519,-1,cme_fixed_ics_ratio_proxy
2023-07-27,YAHOO-CONTINUOUS-ZT,37.5210952388,-1,cme_fixed_ics_ratio_proxy
2023-07-28,ERIS-YIT-202309,18.7866383996,-1,eris_settlement_dv01
2023-07-28,ERIS-YIW-202309,44.6646074635,-1,eris_settlement_dv01
2023-07-28,YAHOO-CONTINUOUS-ZF,44.6646074635,-1,cme_fixed_ics_ratio_proxy
2023-07-28,YAHOO-CONTINUOUS-ZT,37.5732767992,-1,cme_fixed_ics_ratio_proxy
2023-07-31,ERIS-YIT-202309,18.8108153213,-1,eris_settlement_dv01
2023-07-31,ERIS-YIW-202309,44.7402590006,-1,eris_settlement_dv01
2023-07-31,YAHOO-CONTINUOUS-ZF,44.7402590006,-1,cme_fixed_ics_ratio_proxy
2023-07-31,YAHOO-CONTINUOUS-ZT,37.6216306426,-1,cme_fixed_ics_ratio_proxy
2023-08-01,ERIS-YIT-202309,18.7931406398,-1,eris_settlement_dv01
2023-08-01,ERIS-YIW-202309,44.5699976007,-1,eris_settlement_dv01
2023-08-01,YAHOO-CONTINUOUS-ZF,44.5699976007,-1,cme_fixed_ics_ratio_proxy
2023-08-01,YAHOO-CONTINUOUS-ZT,37.5862812796,-1,cme_fixed_ics_ratio_proxy
2023-08-02,ERIS-YIT-202309,18.8252100196,-1,eris_settlement_dv01
2023-08-02,ERIS-YIW-202309,44.6220662354,-1,eris_settlement_dv01
2023-08-02,YAHOO-CONTINUOUS-ZF,44.6220662354,-1,cme_fixed_ics_ratio_proxy
2023-08-02,YAHOO-CONTINUOUS-ZT,37.6504200392,-1,cme_fixed_ics_ratio_proxy
2023-08-03,ERIS-YIT-202309,18.8163114454,-1,eris_settlement_dv01
2023-08-03,ERIS-YIW-202309,44.4337259825,-1,eris_settlement_dv01
2023-08-03,YAHOO-CONTINUOUS-ZF,44.4337259825,-1,cme_fixed_ics_ratio_proxy
2023-08-03,YAHOO-CONTINUOUS-ZT,37.6326228908,-1,cme_fixed_ics_ratio_proxy
2023-08-04,ERIS-YIT-202309,18.8745959493,-1,eris_settlement_dv01
2023-08-04,ERIS-YIW-202309,44.7842061593,-1,eris_settlement_dv01
2023-08-04,YAHOO-CONTINUOUS-ZF,44.7842061593,-1,cme_fixed_ics_ratio_proxy
2023-08-04,YAHOO-CONTINUOUS-ZT,37.7491918986,-1,cme_fixed_ics_ratio_proxy
2023-08-07,ERIS-YIT-202309,18.900860658,-1,eris_settlement_dv01
2023-08-07,ERIS-YIW-202309,44.856659795,-1,eris_settlement_dv01
2023-08-07,YAHOO-CONTINUOUS-ZF,44.856659795,-1,cme_fixed_ics_ratio_proxy
2023-08-07,YAHOO-CONTINUOUS-ZT,37.801721316,-1,cme_fixed_ics_ratio_proxy
2023-08-08,ERIS-YIT-202309,18.907103088,-1,eris_settlement_dv01
2023-08-08,ERIS-YIW-202309,44.9642224243,-1,eris_settlement_dv01
2023-08-08,YAHOO-CONTINUOUS-ZF,44.9642224243,-1,cme_fixed_ics_ratio_proxy
2023-08-08,YAHOO-CONTINUOUS-ZT,37.814206176,-1,cme_fixed_ics_ratio_proxy
2023-08-09,ERIS-YIT-202309,18.8895292938,-1,eris_settlement_dv01
2023-08-09,ERIS-YIW-202309,44.9161487679,-1,eris_settlement_dv01
2023-08-09,YAHOO-CONTINUOUS-ZF,44.9161487679,-1,cme_fixed_ics_ratio_proxy
2023-08-09,YAHOO-CONTINUOUS-ZT,37.7790585876,-1,cme_fixed_ics_ratio_proxy
2023-08-10,ERIS-YIT-202309,18.8757138596,-1,eris_settlement_dv01
2023-08-10,ERIS-YIW-202309,44.734327263,-1,eris_settlement_dv01
2023-08-10,YAHOO-CONTINUOUS-ZF,44.734327263,-1,cme_fixed_ics_ratio_proxy
2023-08-10,YAHOO-CONTINUOUS-ZT,37.7514277192,-1,cme_fixed_ics_ratio_proxy
2023-08-11,ERIS-YIT-202309,18.8313636573,-1,eris_settlement_dv01
2023-08-11,ERIS-YIW-202309,44.4631568979,-1,eris_settlement_dv01
2023-08-11,YAHOO-CONTINUOUS-ZF,44.4631568979,-1,cme_fixed_ics_ratio_proxy
2023-08-11,YAHOO-CONTINUOUS-ZT,37.6627273146,-1,cme_fixed_ics_ratio_proxy
2023-08-14,ERIS-YIT-202309,18.8017385817,-1,eris_settlement_dv01
2023-08-14,ERIS-YIW-202309,44.3746023834,-1,eris_settlement_dv01
2023-08-14,YAHOO-CONTINUOUS-ZF,44.3746023834,-1,cme_fixed_ics_ratio_proxy
2023-08-14,YAHOO-CONTINUOUS-ZT,37.6034771634,-1,cme_fixed_ics_ratio_proxy
2023-08-15,ERIS-YIT-202309,18.8065790935,-1,eris_settlement_dv01
2023-08-15,ERIS-YIW-202309,44.2929387276,-1,eris_settlement_dv01
2023-08-15,YAHOO-CONTINUOUS-ZF,44.2929387276,-1,cme_fixed_ics_ratio_proxy
2023-08-15,YAHOO-CONTINUOUS-ZT,37.613158187,-1,cme_fixed_ics_ratio_proxy
2023-08-16,ERIS-YIT-202309,18.7932829805,-1,eris_settlement_dv01
2023-08-16,ERIS-YIW-202309,44.2182334122,-1,eris_settlement_dv01
2023-08-16,YAHOO-CONTINUOUS-ZF,44.2182334122,-1,cme_fixed_ics_ratio_proxy
2023-08-16,YAHOO-CONTINUOUS-ZT,37.586565961,-1,cme_fixed_ics_ratio_proxy
2023-08-17,ERIS-YIT-202309,18.7992482843,-1,eris_settlement_dv01
2023-08-17,ERIS-YIW-202309,44.1132619819,-1,eris_settlement_dv01
2023-08-17,YAHOO-CONTINUOUS-ZF,44.1132619819,-1,cme_fixed_ics_ratio_proxy
2023-08-17,YAHOO-CONTINUOUS-ZT,37.5984965686,-1,cme_fixed_ics_ratio_proxy
2023-08-18,ERIS-YIT-202309,18.8185876881,-1,eris_settlement_dv01
2023-08-18,ERIS-YIW-202309,44.2603637863,-1,eris_settlement_dv01
2023-08-18,YAHOO-CONTINUOUS-ZF,44.2603637863,-1,cme_fixed_ics_ratio_proxy
2023-08-18,YAHOO-CONTINUOUS-ZT,37.6371753762,-1,cme_fixed_ics_ratio_proxy
2023-08-21,ERIS-YIT-202309,18.7947741599,-1,eris_settlement_dv01
2023-08-21,ERIS-YIW-202309,44.0717069557,-1,eris_settlement_dv01
2023-08-21,YAHOO-CONTINUOUS-ZF,44.0717069557,-1,cme_fixed_ics_ratio_proxy
2023-08-21,YAHOO-CONTINUOUS-ZT,37.5895483198,-1,cme_fixed_ics_ratio_proxy
2023-08-22,ERIS-YIT-202309,18.7750172207,-1,eris_settlement_dv01
2023-08-22,ERIS-YIW-202309,44.0365004886,-1,eris_settlement_dv01
2023-08-22,YAHOO-CONTINUOUS-ZF,44.0365004886,-1,cme_fixed_ics_ratio_proxy
2023-08-22,YAHOO-CONTINUOUS-ZT,37.5500344414,-1,cme_fixed_ics_ratio_proxy
2023-08-23,ERIS-YIT-202309,18.8275497869,-1,eris_settlement_dv01
2023-08-23,ERIS-YIW-202309,44.3546726596,-1,eris_settlement_dv01
2023-08-23,YAHOO-CONTINUOUS-ZF,44.3546726596,-1,cme_fixed_ics_ratio_proxy
2023-08-23,YAHOO-CONTINUOUS-ZT,37.6550995738,-1,cme_fixed_ics_ratio_proxy
2023-08-24,ERIS-YIT-202309,18.7921423202,-1,eris_settlement_dv01
2023-08-24,ERIS-YIW-202309,44.2408657248,-1,eris_settlement_dv01
2023-08-24,YAHOO-CONTINUOUS-ZF,44.2408657248,-1,cme_fixed_ics_ratio_proxy
2023-08-24,YAHOO-CONTINUOUS-ZT,37.5842846404,-1,cme_fixed_ics_ratio_proxy
2023-08-25,ERIS-YIT-202309,18.7718025594,-1,eris_settlement_dv01
2023-08-25,ERIS-YIW-202309,44.2028323597,-1,eris_settlement_dv01
2023-08-25,YAHOO-CONTINUOUS-ZF,44.2028323597,-1,cme_fixed_ics_ratio_proxy
2023-08-25,YAHOO-CONTINUOUS-ZT,37.5436051188,-1,cme_fixed_ics_ratio_proxy
2023-08-28,ERIS-YIT-202309,18.7832828146,-1,eris_settlement_dv01
2023-08-28,ERIS-YIW-202309,44.29411821,-1,eris_settlement_dv01
2023-08-28,YAHOO-CONTINUOUS-ZF,44.29411821,-1,cme_fixed_ics_ratio_proxy
2023-08-28,YAHOO-CONTINUOUS-ZT,37.5665656292,-1,cme_fixed_ics_ratio_proxy
2023-08-29,ERIS-YIT-202309,18.8506363008,-1,eris_settlement_dv01
2023-08-29,ERIS-YIW-202309,44.5954778082,-1,eris_settlement_dv01
2023-08-29,YAHOO-CONTINUOUS-ZF,44.5954778082,-1,cme_fixed_ics_ratio_proxy
2023-08-29,YAHOO-CONTINUOUS-ZT,37.7012726016,-1,cme_fixed_ics_ratio_proxy
2023-08-30,ERIS-YIT-202309,18.8609075773,-1,eris_settlement_dv01
2023-08-30,ERIS-YIW-202309,44.6163740202,-1,eris_settlement_dv01
2023-08-30,YAHOO-CONTINUOUS-ZF,44.6163740202,-1,cme_fixed_ics_ratio_proxy
2023-08-30,YAHOO-CONTINUOUS-ZT,37.7218151546,-1,cme_fixed_ics_ratio_proxy
2023-08-31,ERIS-YIT-202309,18.8755862628,-1,eris_settlement_dv01
2023-08-31,ERIS-YIW-202309,44.7073093201,-1,eris_settlement_dv01
2023-08-31,YAHOO-CONTINUOUS-ZF,44.7073093201,-1,cme_fixed_ics_ratio_proxy
2023-08-31,YAHOO-CONTINUOUS-ZT,37.7511725256,-1,cme_fixed_ics_ratio_proxy
2023-09-01,ERIS-YIT-202309,18.8754977765,-1,eris_settlement_dv01
2023-09-01,ERIS-YIW-202309,44.594140503,-1,eris_settlement_dv01
2023-09-01,YAHOO-CONTINUOUS-ZF,44.594140503,-1,cme_fixed_ics_ratio_proxy
2023-09-01,YAHOO-CONTINUOUS-ZT,37.750995553,-1,cme_fixed_ics_ratio_proxy
2023-09-05,ERIS-YIT-202309,18.8289018427,-1,eris_settlement_dv01
2023-09-05,ERIS-YIW-202309,44.3978465657,-1,eris_settlement_dv01
2023-09-05,YAHOO-CONTINUOUS-ZF,44.3978465657,-1,cme_fixed_ics_ratio_proxy
2023-09-05,YAHOO-CONTINUOUS-ZT,37.6578036854,-1,cme_fixed_ics_ratio_proxy
2023-09-06,ERIS-YIT-202309,18.800234765,-1,eris_settlement_dv01
2023-09-06,ERIS-YIW-202309,44.2496026106,-1,eris_settlement_dv01
2023-09-06,YAHOO-CONTINUOUS-ZF,44.2496026106,-1,cme_fixed_ics_ratio_proxy
2023-09-06,YAHOO-CONTINUOUS-ZT,37.60046953,-1,cme_fixed_ics_ratio_proxy
2023-09-07,ERIS-YIT-202309,18.8422288444,-1,eris_settlement_dv01
2023-09-07,ERIS-YIW-202309,44.3824080901,-1,eris_settlement_dv01
2023-09-07,YAHOO-CONTINUOUS-ZF,44.3824080901,-1,cme_fixed_ics_ratio_proxy
2023-09-07,YAHOO-CONTINUOUS-ZT,37.6844576888,-1,cme_fixed_ics_ratio_proxy
2023-09-08,ERIS-YIT-202309,18.8249958467,-1,eris_settlement_dv01
2023-09-08,ERIS-YIW-202309,44.347216847,-1,eris_settlement_dv01
2023-09-08,YAHOO-CONTINUOUS-ZF,44.347216847,-1,cme_fixed_ics_ratio_proxy
2023-09-08,YAHOO-CONTINUOUS-ZT,37.6499916934,-1,cme_fixed_ics_ratio_proxy
2023-09-11,ERIS-YIT-202309,18.8275380765,-1,eris_settlement_dv01
2023-09-11,ERIS-YIW-202309,44.3189515822,-1,eris_settlement_dv01
2023-09-11,YAHOO-CONTINUOUS-ZF,44.3189515822,-1,cme_fixed_ics_ratio_proxy
2023-09-11,YAHOO-CONTINUOUS-ZT,37.655076153,-1,cme_fixed_ics_ratio_proxy
2023-09-12,ERIS-YIT-202309,18.8218245329,-1,eris_settlement_dv01
2023-09-12,ERIS-YIW-202309,44.3298935658,-1,eris_settlement_dv01
2023-09-12,YAHOO-CONTINUOUS-ZF,44.3298935658,-1,cme_fixed_ics_ratio_proxy
2023-09-12,YAHOO-CONTINUOUS-ZT,37.6436490658,-1,cme_fixed_ics_ratio_proxy
2023-09-13,ERIS-YIT-202309,18.8305310662,-1,eris_settlement_dv01
2023-09-13,ERIS-YIW-202309,44.3798613237,-1,eris_settlement_dv01
2023-09-13,YAHOO-CONTINUOUS-ZF,44.3798613237,-1,cme_fixed_ics_ratio_proxy
2023-09-13,YAHOO-CONTINUOUS-ZT,37.6610621324,-1,cme_fixed_ics_ratio_proxy
2023-09-14,ERIS-YIT-202309,18.8195890996,-1,eris_settlement_dv01
2023-09-14,ERIS-YIW-202309,44.3062791863,-1,eris_settlement_dv01
2023-09-14,YAHOO-CONTINUOUS-ZF,44.3062791863,-1,cme_fixed_ics_ratio_proxy
2023-09-14,YAHOO-CONTINUOUS-ZT,37.6391781992,-1,cme_fixed_ics_ratio_proxy
2023-09-15,ERIS-YIT-202309,18.8083458264,-1,eris_settlement_dv01
2023-09-15,ERIS-YIW-202309,44.2446099288,-1,eris_settlement_dv01
2023-09-15,YAHOO-CONTINUOUS-ZF,44.2446099288,-1,cme_fixed_ics_ratio_proxy
2023-09-15,YAHOO-CONTINUOUS-ZT,37.6166916528,-1,cme_fixed_ics_ratio_proxy
2023-09-18,ERIS-YIT-202309,18.7995709803,-1,eris_settlement_dv01
2023-09-18,ERIS-YIW-202309,44.2376591376,-1,eris_settlement_dv01
2023-09-18,YAHOO-CONTINUOUS-ZF,44.2376591376,-1,cme_fixed_ics_ratio_proxy
2023-09-18,YAHOO-CONTINUOUS-ZT,37.5991419606,-1,cme_fixed_ics_ratio_proxy
2023-09-19,ERIS-YIT-202309,18.7741379504,-1,eris_settlement_dv01
2023-09-19,ERIS-YIW-202309,44.0801293064,-1,eris_settlement_dv01
2023-09-19,YAHOO-CONTINUOUS-ZF,44.0801293064,-1,cme_fixed_ics_ratio_proxy
2023-09-19,YAHOO-CONTINUOUS-ZT,37.5482759008,-1,cme_fixed_ics_ratio_proxy
2023-09-20,ERIS-YIT-202309,18.7710858929,-1,eris_settlement_dv01
2023-09-20,ERIS-YIW-202309,44.1167447964,-1,eris_settlement_dv01
2023-09-20,YAHOO-CONTINUOUS-ZF,44.1167447964,-1,cme_fixed_ics_ratio_proxy
2023-09-20,YAHOO-CONTINUOUS-ZT,37.5421717858,-1,cme_fixed_ics_ratio_proxy
2023-09-21,ERIS-YIT-202309,18.7290628825,-1,eris_settlement_dv01
2023-09-21,ERIS-YIW-202309,43.8440287251,-1,eris_settlement_dv01
2023-09-21,YAHOO-CONTINUOUS-ZF,43.8440287251,-1,cme_fixed_ics_ratio_proxy
2023-09-21,YAHOO-CONTINUOUS-ZT,37.458125765,-1,cme_fixed_ics_ratio_proxy
2023-09-22,ERIS-YIT-202309,18.7196379594,-1,eris_settlement_dv01
2023-09-22,ERIS-YIW-202309,43.9268830472,-1,eris_settlement_dv01
2023-09-22,YAHOO-CONTINUOUS-ZF,43.9268830472,-1,cme_fixed_ics_ratio_proxy
2023-09-22,YAHOO-CONTINUOUS-ZT,37.4392759188,-1,cme_fixed_ics_ratio_proxy
2023-09-25,ERIS-YIT-202309,18.6480514076,-1,eris_settlement_dv01
2023-09-25,ERIS-YIW-202309,43.7555061836,-1,eris_settlement_dv01
2023-09-25,YAHOO-CONTINUOUS-ZF,43.7555061836,-1,cme_fixed_ics_ratio_proxy
2023-09-25,YAHOO-CONTINUOUS-ZT,37.2961028152,-1,cme_fixed_ics_ratio_proxy
2023-09-26,ERIS-YIT-202309,18.6276141105,-1,eris_settlement_dv01
2023-09-26,ERIS-YIW-202309,43.7307166372,-1,eris_settlement_dv01
2023-09-26,YAHOO-CONTINUOUS-ZF,43.7307166372,-1,cme_fixed_ics_ratio_proxy
2023-09-26,YAHOO-CONTINUOUS-ZT,37.255228221,-1,cme_fixed_ics_ratio_proxy
2023-09-27,ERIS-YIT-202309,18.5766044577,-1,eris_settlement_dv01
2023-09-27,ERIS-YIW-202309,43.5274821711,-1,eris_settlement_dv01
2023-09-27,YAHOO-CONTINUOUS-ZF,43.5274821711,-1,cme_fixed_ics_ratio_proxy
2023-09-27,YAHOO-CONTINUOUS-ZT,37.1532089154,-1,cme_fixed_ics_ratio_proxy
2023-09-28,ERIS-YIT-202309,18.5888633293,-1,eris_settlement_dv01
2023-09-28,ERIS-YIW-202309,43.6380485217,-1,eris_settlement_dv01
2023-09-28,YAHOO-CONTINUOUS-ZF,43.6380485217,-1,cme_fixed_ics_ratio_proxy
2023-09-28,YAHOO-CONTINUOUS-ZT,37.1777266586,-1,cme_fixed_ics_ratio_proxy
2023-09-29,ERIS-YIT-202309,18.5751394543,-1,eris_settlement_dv01
2023-09-29,ERIS-YIW-202309,43.707640529,-1,eris_settlement_dv01
2023-09-29,YAHOO-CONTINUOUS-ZF,43.707640529,-1,cme_fixed_ics_ratio_proxy
2023-09-29,YAHOO-CONTINUOUS-ZT,37.1502789086,-1,cme_fixed_ics_ratio_proxy
2023-10-02,ERIS-YIT-202309,18.4688922517,-1,eris_settlement_dv01
2023-10-02,ERIS-YIW-202309,43.386856333,-1,eris_settlement_dv01
2023-10-02,YAHOO-CONTINUOUS-ZF,43.386856333,-1,cme_fixed_ics_ratio_proxy
2023-10-02,YAHOO-CONTINUOUS-ZT,36.9377845034,-1,cme_fixed_ics_ratio_proxy
2023-10-03,ERIS-YIT-202309,18.4339282538,-1,eris_settlement_dv01
2023-10-03,ERIS-YIW-202309,43.1575832038,-1,eris_settlement_dv01
2023-10-03,YAHOO-CONTINUOUS-ZF,43.1575832038,-1,cme_fixed_ics_ratio_proxy
2023-10-03,YAHOO-CONTINUOUS-ZT,36.8678565076,-1,cme_fixed_ics_ratio_proxy
2023-10-04,ERIS-YIT-202309,18.4583712731,-1,eris_settlement_dv01
2023-10-04,ERIS-YIW-202309,43.3320722776,-1,eris_settlement_dv01
2023-10-04,YAHOO-CONTINUOUS-ZF,43.3320722776,-1,cme_fixed_ics_ratio_proxy
2023-10-04,YAHOO-CONTINUOUS-ZT,36.9167425462,-1,cme_fixed_ics_ratio_proxy
2023-10-05,ERIS-YIT-202309,18.4506268621,-1,eris_settlement_dv01
2023-10-05,ERIS-YIW-202309,43.4035699001,-1,eris_settlement_dv01
2023-10-05,YAHOO-CONTINUOUS-ZF,43.4035699001,-1,cme_fixed_ics_ratio_proxy
2023-10-05,YAHOO-CONTINUOUS-ZT,36.9012537242,-1,cme_fixed_ics_ratio_proxy
2023-10-06,ERIS-YIT-202309,18.3975235674,-1,eris_settlement_dv01
2023-10-06,ERIS-YIW-202309,43.2294472931,-1,eris_settlement_dv01
2023-10-06,YAHOO-CONTINUOUS-ZF,43.2294472931,-1,cme_fixed_ics_ratio_proxy
2023-10-06,YAHOO-CONTINUOUS-ZT,36.7950471348,-1,cme_fixed_ics_ratio_proxy
2023-10-09,ERIS-YIT-202309,18.304952011,-1,eris_settlement_dv01
2023-10-09,ERIS-YIW-202309,43.1537338471,-1,eris_settlement_dv01
2023-10-09,YAHOO-CONTINUOUS-ZF,43.1537338471,-1,cme_fixed_ics_ratio_proxy
2023-10-09,YAHOO-CONTINUOUS-ZT,36.609904022,-1,cme_fixed_ics_ratio_proxy
2023-10-10,ERIS-YIT-202309,18.356498196,-1,eris_settlement_dv01
2023-10-10,ERIS-YIW-202309,43.4500542403,-1,eris_settlement_dv01
2023-10-10,YAHOO-CONTINUOUS-ZF,43.4500542403,-1,cme_fixed_ics_ratio_proxy
2023-10-10,YAHOO-CONTINUOUS-ZT,36.712996392,-1,cme_fixed_ics_ratio_proxy
2023-10-11,ERIS-YIT-202309,18.3217283656,-1,eris_settlement_dv01
2023-10-11,ERIS-YIW-202309,43.4694776392,-1,eris_settlement_dv01
2023-10-11,YAHOO-CONTINUOUS-ZF,43.4694776392,-1,cme_fixed_ics_ratio_proxy
2023-10-11,YAHOO-CONTINUOUS-ZT,36.6434567312,-1,cme_fixed_ics_ratio_proxy
2023-10-12,ERIS-YIT-202309,18.2652710632,-1,eris_settlement_dv01
2023-10-12,ERIS-YIW-202309,43.2198927481,-1,eris_settlement_dv01
2023-10-12,YAHOO-CONTINUOUS-ZF,43.2198927481,-1,cme_fixed_ics_ratio_proxy
2023-10-12,YAHOO-CONTINUOUS-ZT,36.5305421264,-1,cme_fixed_ics_ratio_proxy
2023-10-13,ERIS-YIT-202309,18.249852096,-1,eris_settlement_dv01
2023-10-13,ERIS-YIW-202309,43.3281167867,-1,eris_settlement_dv01
2023-10-13,YAHOO-CONTINUOUS-ZF,43.3281167867,-1,cme_fixed_ics_ratio_proxy
2023-10-13,YAHOO-CONTINUOUS-ZT,36.499704192,-1,cme_fixed_ics_ratio_proxy
2023-10-16,ERIS-YIT-202309,18.1608821277,-1,eris_settlement_dv01
2023-10-16,ERIS-YIW-202309,43.1173626328,-1,eris_settlement_dv01
2023-10-16,YAHOO-CONTINUOUS-ZF,43.1173626328,-1,cme_fixed_ics_ratio_proxy
2023-10-16,YAHOO-CONTINUOUS-ZT,36.3217642554,-1,cme_fixed_ics_ratio_proxy
2023-10-17,ERIS-YIT-202309,18.0823908257,-1,eris_settlement_dv01
2023-10-17,ERIS-YIW-202309,42.725053338,-1,eris_settlement_dv01
2023-10-17,YAHOO-CONTINUOUS-ZF,42.725053338,-1,cme_fixed_ics_ratio_proxy
2023-10-17,YAHOO-CONTINUOUS-ZT,36.1647816514,-1,cme_fixed_ics_ratio_proxy
2023-10-18,ERIS-YIT-202309,18.0533362255,-1,eris_settlement_dv01
2023-10-18,ERIS-YIW-202309,42.5857385735,-1,eris_settlement_dv01
2023-10-18,YAHOO-CONTINUOUS-ZF,42.5857385735,-1,cme_fixed_ics_ratio_proxy
2023-10-18,YAHOO-CONTINUOUS-ZT,36.106672451,-1,cme_fixed_ics_ratio_proxy
2023-10-19,ERIS-YIT-202309,18.0513700081,-1,eris_settlement_dv01
2023-10-19,ERIS-YIW-202309,42.4890541782,-1,eris_settlement_dv01
2023-10-19,YAHOO-CONTINUOUS-ZF,42.4890541782,-1,cme_fixed_ics_ratio_proxy
2023-10-19,YAHOO-CONTINUOUS-ZT,36.1027400162,-1,cme_fixed_ics_ratio_proxy
2023-10-20,ERIS-YIT-202309,18.0700101415,-1,eris_settlement_dv01
2023-10-20,ERIS-YIW-202309,42.7173789082,-1,eris_settlement_dv01
2023-10-20,YAHOO-CONTINUOUS-ZF,42.7173789082,-1,cme_fixed_ics_ratio_proxy
2023-10-20,YAHOO-CONTINUOUS-ZT,36.140020283,-1,cme_fixed_ics_ratio_proxy
2023-10-23,ERIS-YIT-202309,18.0129568594,-1,eris_settlement_dv01
2023-10-23,ERIS-YIW-202309,42.8299141166,-1,eris_settlement_dv01
2023-10-23,YAHOO-CONTINUOUS-ZF,42.8299141166,-1,cme_fixed_ics_ratio_proxy
2023-10-23,YAHOO-CONTINUOUS-ZT,36.0259137188,-1,cme_fixed_ics_ratio_proxy
2023-10-24,ERIS-YIT-202309,17.9698673142,-1,eris_settlement_dv01
2023-10-24,ERIS-YIW-202309,42.7416606084,-1,eris_settlement_dv01
2023-10-24,YAHOO-CONTINUOUS-ZF,42.7416606084,-1,cme_fixed_ics_ratio_proxy
2023-10-24,YAHOO-CONTINUOUS-ZT,35.9397346284,-1,cme_fixed_ics_ratio_proxy
2023-10-25,ERIS-YIT-202309,17.9259975641,-1,eris_settlement_dv01
2023-10-25,ERIS-YIW-202309,42.5048805142,-1,eris_settlement_dv01
2023-10-25,YAHOO-CONTINUOUS-ZF,42.5048805142,-1,cme_fixed_ics_ratio_proxy
2023-10-25,YAHOO-CONTINUOUS-ZT,35.8519951282,-1,cme_fixed_ics_ratio_proxy
2023-10-26,ERIS-YIT-202309,17.9396701077,-1,eris_settlement_dv01
2023-10-26,ERIS-YIW-202309,42.7584895773,-1,eris_settlement_dv01
2023-10-26,YAHOO-CONTINUOUS-ZF,42.7584895773,-1,cme_fixed_ics_ratio_proxy
2023-10-26,YAHOO-CONTINUOUS-ZT,35.8793402154,-1,cme_fixed_ics_ratio_proxy
2023-10-27,ERIS-YIT-202309,17.9294217219,-1,eris_settlement_dv01
2023-10-27,ERIS-YIW-202309,42.8193648218,-1,eris_settlement_dv01
2023-10-27,YAHOO-CONTINUOUS-ZF,42.8193648218,-1,cme_fixed_ics_ratio_proxy
2023-10-27,YAHOO-CONTINUOUS-ZT,35.8588434438,-1,cme_fixed_ics_ratio_proxy
2023-10-30,ERIS-YIT-202309,17.8481894293,-1,eris_settlement_dv01
2023-10-30,ERIS-YIW-202309,42.7161973757,-1,eris_settlement_dv01
2023-10-30,YAHOO-CONTINUOUS-ZF,42.7161973757,-1,cme_fixed_ics_ratio_proxy
2023-10-30,YAHOO-CONTINUOUS-ZT,35.6963788586,-1,cme_fixed_ics_ratio_proxy
2023-10-31,ERIS-YIT-202309,17.8052652872,-1,eris_settlement_dv01
2023-10-31,ERIS-YIW-202309,42.6535325452,-1,eris_settlement_dv01
2023-10-31,YAHOO-CONTINUOUS-ZF,42.6535325452,-1,cme_fixed_ics_ratio_proxy
2023-10-31,YAHOO-CONTINUOUS-ZT,35.6105305744,-1,cme_fixed_ics_ratio_proxy
2023-11-01,ERIS-YIT-202309,17.8312282931,-1,eris_settlement_dv01
2023-11-01,ERIS-YIW-202309,42.8937500041,-1,eris_settlement_dv01
2023-11-01,YAHOO-CONTINUOUS-ZF,42.8937500041,-1,cme_fixed_ics_ratio_proxy
2023-11-01,YAHOO-CONTINUOUS-ZT,35.6624565862,-1,cme_fixed_ics_ratio_proxy
2023-11-02,ERIS-YIT-202309,17.8085528056,-1,eris_settlement_dv01
2023-11-02,ERIS-YIW-202309,43.0025004641,-1,eris_settlement_dv01
2023-11-02,YAHOO-CONTINUOUS-ZF,43.0025004641,-1,cme_fixed_ics_ratio_proxy
2023-11-02,YAHOO-CONTINUOUS-ZT,35.6171056112,-1,cme_fixed_ics_ratio_proxy
2023-11-03,ERIS-YIT-202309,17.8530577516,-1,eris_settlement_dv01
2023-11-03,ERIS-YIW-202309,43.3425196739,-1,eris_settlement_dv01
2023-11-03,YAHOO-CONTINUOUS-ZF,43.3425196739,-1,cme_fixed_ics_ratio_proxy
2023-11-03,YAHOO-CONTINUOUS-ZT,35.7061155032,-1,cme_fixed_ics_ratio_proxy
2023-11-06,ERIS-YIT-202309,17.7342404967,-1,eris_settlement_dv01
2023-11-06,ERIS-YIW-202309,43.0114624553,-1,eris_settlement_dv01
2023-11-06,YAHOO-CONTINUOUS-ZF,43.0114624553,-1,cme_fixed_ics_ratio_proxy
2023-11-06,YAHOO-CONTINUOUS-ZT,35.4684809934,-1,cme_fixed_ics_ratio_proxy
2023-11-07,ERIS-YIT-202309,17.7273176524,-1,eris_settlement_dv01
2023-11-07,ERIS-YIW-202309,43.1714972105,-1,eris_settlement_dv01
2023-11-07,YAHOO-CONTINUOUS-ZF,43.1714972105,-1,cme_fixed_ics_ratio_proxy
2023-11-07,YAHOO-CONTINUOUS-ZT,35.4546353048,-1,cme_fixed_ics_ratio_proxy
2023-11-08,ERIS-YIT-202309,17.6927617507,-1,eris_settlement_dv01
2023-11-08,ERIS-YIW-202309,43.1777847295,-1,eris_settlement_dv01
2023-11-08,YAHOO-CONTINUOUS-ZF,43.1777847295,-1,cme_fixed_ics_ratio_proxy
2023-11-08,YAHOO-CONTINUOUS-ZT,35.3855235014,-1,cme_fixed_ics_ratio_proxy
2023-11-09,ERIS-YIT-202309,17.6319382397,-1,eris_settlement_dv01
2023-11-09,ERIS-YIW-202309,42.9033773961,-1,eris_settlement_dv01
2023-11-09,YAHOO-CONTINUOUS-ZF,42.9033773961,-1,cme_fixed_ics_ratio_proxy
2023-11-09,YAHOO-CONTINUOUS-ZT,35.2638764794,-1,cme_fixed_ics_ratio_proxy
2023-11-10,ERIS-YIT-202309,17.5914290704,-1,eris_settlement_dv01
2023-11-10,ERIS-YIW-202309,42.8196888469,-1,eris_settlement_dv01
2023-11-10,YAHOO-CONTINUOUS-ZF,42.8196888469,-1,cme_fixed_ics_ratio_proxy
2023-11-10,YAHOO-CONTINUOUS-ZT,35.1828581408,-1,cme_fixed_ics_ratio_proxy
2023-11-13,ERIS-YIT-202309,17.5272324533,-1,eris_settlement_dv01
2023-11-13,ERIS-YIW-202309,42.7660832226,-1,eris_settlement_dv01
2023-11-13,YAHOO-CONTINUOUS-ZF,42.7660832226,-1,cme_fixed_ics_ratio_proxy
2023-11-13,YAHOO-CONTINUOUS-ZT,35.0544649066,-1,cme_fixed_ics_ratio_proxy
2023-11-14,ERIS-YIT-202309,17.603810313,-1,eris_settlement_dv01
2023-11-14,ERIS-YIW-202309,43.2866226241,-1,eris_settlement_dv01
2023-11-14,YAHOO-CONTINUOUS-ZF,43.2866226241,-1,cme_fixed_ics_ratio_proxy
2023-11-14,YAHOO-CONTINUOUS-ZT,35.207620626,-1,cme_fixed_ics_ratio_proxy
2023-11-15,ERIS-YIT-202309,17.5352658045,-1,eris_settlement_dv01
2023-11-15,ERIS-YIW-202309,43.0207051752,-1,eris_settlement_dv01
2023-11-15,YAHOO-CONTINUOUS-ZF,43.0207051752,-1,cme_fixed_ics_ratio_proxy
2023-11-15,YAHOO-CONTINUOUS-ZT,35.070531609,-1,cme_fixed_ics_ratio_proxy
2023-11-16,ERIS-YIT-202309,17.5435863917,-1,eris_settlement_dv01
2023-11-16,ERIS-YIW-202309,43.2367821029,-1,eris_settlement_dv01
2023-11-16,YAHOO-CONTINUOUS-ZF,43.2367821029,-1,cme_fixed_ics_ratio_proxy
2023-11-16,YAHOO-CONTINUOUS-ZT,35.0871727834,-1,cme_fixed_ics_ratio_proxy
2023-11-17,ERIS-YIT-202309,17.4954555239,-1,eris_settlement_dv01
2023-11-17,ERIS-YIW-202309,43.1436456857,-1,eris_settlement_dv01
2023-11-17,YAHOO-CONTINUOUS-ZF,43.1436456857,-1,cme_fixed_ics_ratio_proxy
2023-11-17,YAHOO-CONTINUOUS-ZT,34.9909110478,-1,cme_fixed_ics_ratio_proxy
2023-11-20,ERIS-YIT-202309,17.4202459832,-1,eris_settlement_dv01
2023-11-20,ERIS-YIW-202309,43.1280595473,-1,eris_settlement_dv01
2023-11-20,YAHOO-CONTINUOUS-ZF,43.1280595473,-1,cme_fixed_ics_ratio_proxy
2023-11-20,YAHOO-CONTINUOUS-ZT,34.8404919664,-1,cme_fixed_ics_ratio_proxy
2023-11-21,ERIS-YIT-202309,17.4083417253,-1,eris_settlement_dv01
2023-11-21,ERIS-YIW-202309,43.1563854942,-1,eris_settlement_dv01
2023-11-21,YAHOO-CONTINUOUS-ZF,43.1563854942,-1,cme_fixed_ics_ratio_proxy
2023-11-21,YAHOO-CONTINUOUS-ZT,34.8166834506,-1,cme_fixed_ics_ratio_proxy
2023-11-22,ERIS-YIT-202309,17.3684841209,-1,eris_settlement_dv01
2023-11-22,ERIS-YIW-202309,43.0748693647,-1,eris_settlement_dv01
2023-11-22,YAHOO-CONTINUOUS-ZF,43.0748693647,-1,cme_fixed_ics_ratio_proxy
2023-11-22,YAHOO-CONTINUOUS-ZT,34.7369682418,-1,cme_fixed_ics_ratio_proxy
2023-11-24,ERIS-YIT-202309,17.30199585,-1,eris_settlement_dv01
2023-11-24,ERIS-YIW-202309,42.8995446523,-1,eris_settlement_dv01
2023-11-24,YAHOO-CONTINUOUS-ZF,42.8995446523,-1,cme_fixed_ics_ratio_proxy
2023-11-24,YAHOO-CONTINUOUS-ZT,34.6039917,-1,cme_fixed_ics_ratio_proxy
2023-11-27,ERIS-YIT-202309,17.2508285271,-1,eris_settlement_dv01
2023-11-27,ERIS-YIW-202309,43.0498277819,-1,eris_settlement_dv01
2023-11-27,YAHOO-CONTINUOUS-ZF,43.0498277819,-1,cme_fixed_ics_ratio_proxy
2023-11-27,YAHOO-CONTINUOUS-ZT,34.5016570542,-1,cme_fixed_ics_ratio_proxy
2023-11-28,ERIS-YIT-202309,17.2783897948,-1,eris_settlement_dv01
2023-11-28,ERIS-YIW-202309,43.2855977314,-1,eris_settlement_dv01
2023-11-28,YAHOO-CONTINUOUS-ZF,43.2855977314,-1,cme_fixed_ics_ratio_proxy
2023-11-28,YAHOO-CONTINUOUS-ZT,34.5567795896,-1,cme_fixed_ics_ratio_proxy
2023-11-29,ERIS-YIT-202309,17.3025549206,-1,eris_settlement_dv01
2023-11-29,ERIS-YIW-202309,43.4372895675,-1,eris_settlement_dv01
2023-11-29,YAHOO-CONTINUOUS-ZF,43.4372895675,-1,cme_fixed_ics_ratio_proxy
2023-11-29,YAHOO-CONTINUOUS-ZT,34.6051098412,-1,cme_fixed_ics_ratio_proxy
2023-11-30,ERIS-YIT-202309,17.2526926582,-1,eris_settlement_dv01
2023-11-30,ERIS-YIW-202309,43.2370005714,-1,eris_settlement_dv01
2023-11-30,YAHOO-CONTINUOUS-ZF,43.2370005714,-1,cme_fixed_ics_ratio_proxy
2023-11-30,YAHOO-CONTINUOUS-ZT,34.5053853164,-1,cme_fixed_ics_ratio_proxy
2023-12-01,ERIS-YIT-202309,17.2991378138,-1,eris_settlement_dv01
2023-12-01,ERIS-YIW-202309,43.5474437481,-1,eris_settlement_dv01
2023-12-01,YAHOO-CONTINUOUS-ZF,43.5474437481,-1,cme_fixed_ics_ratio_proxy
2023-12-01,YAHOO-CONTINUOUS-ZT,34.5982756276,-1,cme_fixed_ics_ratio_proxy
2023-12-04,ERIS-YIT-202309,17.1923436859,-1,eris_settlement_dv01
2023-12-04,ERIS-YIW-202309,43.3288758163,-1,eris_settlement_dv01
2023-12-04,YAHOO-CONTINUOUS-ZF,43.3288758163,-1,cme_fixed_ics_ratio_proxy
2023-12-04,YAHOO-CONTINUOUS-ZT,34.3846873718,-1,cme_fixed_ics_ratio_proxy
2023-12-05,ERIS-YIT-202309,17.1973674686,-1,eris_settlement_dv01
2023-12-05,ERIS-YIW-202309,43.5524391068,-1,eris_settlement_dv01
2023-12-05,YAHOO-CONTINUOUS-ZF,43.5524391068,-1,cme_fixed_ics_ratio_proxy
2023-12-05,YAHOO-CONTINUOUS-ZT,34.3947349372,-1,cme_fixed_ics_ratio_proxy
2023-12-06,ERIS-YIT-202309,17.1576127653,-1,eris_settlement_dv01
2023-12-06,ERIS-YIW-202309,43.5543148293,-1,eris_settlement_dv01
2023-12-06,YAHOO-CONTINUOUS-ZF,43.5543148293,-1,cme_fixed_ics_ratio_proxy
2023-12-06,YAHOO-CONTINUOUS-ZT,34.3152255306,-1,cme_fixed_ics_ratio_proxy
2023-12-07,ERIS-YIT-202309,17.1437956868,-1,eris_settlement_dv01
2023-12-07,ERIS-YIW-202309,43.5564312395,-1,eris_settlement_dv01
2023-12-07,YAHOO-CONTINUOUS-ZF,43.5564312395,-1,cme_fixed_ics_ratio_proxy
2023-12-07,YAHOO-CONTINUOUS-ZT,34.2875913736,-1,cme_fixed_ics_ratio_proxy
2023-12-08,ERIS-YIT-202312,18.9470891953,-1,eris_settlement_dv01
2023-12-08,ERIS-YIW-202309,43.1829799658,-1,eris_settlement_dv01
2023-12-08,YAHOO-CONTINUOUS-ZF,43.1829799658,-1,cme_fixed_ics_ratio_proxy
2023-12-08,YAHOO-CONTINUOUS-ZT,37.8941783906,-1,cme_fixed_ics_ratio_proxy
2023-12-11,ERIS-YIT-202312,18.9545327115,-1,eris_settlement_dv01
2023-12-11,ERIS-YIW-202309,43.124072287,-1,eris_settlement_dv01
2023-12-11,YAHOO-CONTINUOUS-ZF,43.124072287,-1,cme_fixed_ics_ratio_proxy
2023-12-11,YAHOO-CONTINUOUS-ZT,37.909065423,-1,cme_fixed_ics_ratio_proxy
2023-12-12,ERIS-YIT-202312,18.9566404434,-1,eris_settlement_dv01
2023-12-12,ERIS-YIW-202309,43.1523828947,-1,eris_settlement_dv01
2023-12-12,YAHOO-CONTINUOUS-ZF,43.1523828947,-1,cme_fixed_ics_ratio_proxy
2023-12-12,YAHOO-CONTINUOUS-ZT,37.9132808868,-1,cme_fixed_ics_ratio_proxy
2023-12-13,ERIS-YIT-202312,19.0866969327,-1,eris_settlement_dv01
2023-12-13,ERIS-YIW-202309,43.5935338713,-1,eris_settlement_dv01
2023-12-13,YAHOO-CONTINUOUS-ZF,43.5935338713,-1,cme_fixed_ics_ratio_proxy
2023-12-13,YAHOO-CONTINUOUS-ZT,38.1733938654,-1,cme_fixed_ics_ratio_proxy
2023-12-14,ERIS-YIT-202312,19.135367992,-1,eris_settlement_dv01
2023-12-14,ERIS-YIW-202309,43.8101282559,-1,eris_settlement_dv01
2023-12-14,YAHOO-CONTINUOUS-ZF,43.8101282559,-1,cme_fixed_ics_ratio_proxy
2023-12-14,YAHOO-CONTINUOUS-ZT,38.270735984,-1,cme_fixed_ics_ratio_proxy
2023-12-15,ERIS-YIT-202312,19.1081881916,-1,eris_settlement_dv01
2023-12-15,ERIS-YIW-202309,43.7479778086,-1,eris_settlement_dv01
2023-12-15,YAHOO-CONTINUOUS-ZF,43.7479778086,-1,cme_fixed_ics_ratio_proxy
2023-12-15,YAHOO-CONTINUOUS-ZT,38.2163763832,-1,cme_fixed_ics_ratio_proxy
2023-12-18,ERIS-YIT-202312,19.1151534883,-1,eris_settlement_dv01
2023-12-18,ERIS-YIW-202309,43.636956734,-1,eris_settlement_dv01
2023-12-18,YAHOO-CONTINUOUS-ZF,43.636956734,-1,cme_fixed_ics_ratio_proxy
2023-12-18,YAHOO-CONTINUOUS-ZT,38.2303069766,-1,cme_fixed_ics_ratio_proxy
2023-12-19,ERIS-YIT-202312,19.1272617602,-1,eris_settlement_dv01
2023-12-19,ERIS-YIW-202309,43.6695153795,-1,eris_settlement_dv01
2023-12-19,YAHOO-CONTINUOUS-ZF,43.6695153795,-1,cme_fixed_ics_ratio_proxy
2023-12-19,YAHOO-CONTINUOUS-ZT,38.2545235204,-1,cme_fixed_ics_ratio_proxy
2023-12-20,ERIS-YIT-202312,19.1681332955,-1,eris_settlement_dv01
2023-12-20,ERIS-YIW-202309,43.8006717924,-1,eris_settlement_dv01
2023-12-20,YAHOO-CONTINUOUS-ZF,43.8006717924,-1,cme_fixed_ics_ratio_proxy
2023-12-20,YAHOO-CONTINUOUS-ZT,38.336266591,-1,cme_fixed_ics_ratio_proxy
2023-12-21,ERIS-YIT-202312,19.1594820941,-1,eris_settlement_dv01
2023-12-21,ERIS-YIW-202309,43.8000424237,-1,eris_settlement_dv01
2023-12-21,YAHOO-CONTINUOUS-ZF,43.8000424237,-1,cme_fixed_ics_ratio_proxy
2023-12-21,YAHOO-CONTINUOUS-ZT,38.3189641882,-1,cme_fixed_ics_ratio_proxy
2023-12-22,ERIS-YIT-202312,19.140348492,-1,eris_settlement_dv01
2023-12-22,ERIS-YIW-202309,43.7636326234,-1,eris_settlement_dv01
2023-12-22,YAHOO-CONTINUOUS-ZF,43.7636326234,-1,cme_fixed_ics_ratio_proxy
2023-12-22,YAHOO-CONTINUOUS-ZT,38.280696984,-1,cme_fixed_ics_ratio_proxy
2023-12-26,ERIS-YIT-202312,19.0390077334,-1,eris_settlement_dv01
2023-12-26,ERIS-YIW-202309,43.6970234542,-1,eris_settlement_dv01
2023-12-26,YAHOO-CONTINUOUS-ZF,43.6970234542,-1,cme_fixed_ics_ratio_proxy
2023-12-26,YAHOO-CONTINUOUS-ZT,38.0780154668,-1,cme_fixed_ics_ratio_proxy
2023-12-27,ERIS-YIT-202312,19.0434876972,-1,eris_settlement_dv01
2023-12-27,ERIS-YIW-202309,43.8580744894,-1,eris_settlement_dv01
2023-12-27,YAHOO-CONTINUOUS-ZF,43.8580744894,-1,cme_fixed_ics_ratio_proxy
2023-12-27,YAHOO-CONTINUOUS-ZT,38.0869753944,-1,cme_fixed_ics_ratio_proxy
2023-12-28,ERIS-YIT-202312,18.9999410809,-1,eris_settlement_dv01
2023-12-28,ERIS-YIW-202309,43.7314540445,-1,eris_settlement_dv01
2023-12-28,YAHOO-CONTINUOUS-ZF,43.7314540445,-1,cme_fixed_ics_ratio_proxy
2023-12-28,YAHOO-CONTINUOUS-ZT,37.9998821618,-1,cme_fixed_ics_ratio_proxy
2023-12-29,ERIS-YIT-202312,18.9904113019,-1,eris_settlement_dv01
2023-12-29,ERIS-YIW-202309,43.7605542999,-1,eris_settlement_dv01
2023-12-29,YAHOO-CONTINUOUS-ZF,43.7605542999,-1,cme_fixed_ics_ratio_proxy
2023-12-29,YAHOO-CONTINUOUS-ZT,37.9808226038,-1,cme_fixed_ics_ratio_proxy
